datetime_beginning_ept,total_lmp_da
2024-06-01T00:00:00,9.143282
2024-06-01T01:00:00,9.895009
2024-06-01T02:00:00,8.832698
2024-06-01T03:00:00,9.561999
2024-06-01T04:00:00,9.481569
2024-06-01T05:00:00,10.085874
2024-06-01T06:00:00,8.081706
2024-06-01T07:00:00,9.589417
2024-06-01T08:00:00,12.162592
2024-06-01T09:00:00,13.163315
2024-06-01T10:00:00,13.558684
2024-06-01T11:00:00,14.680227
2024-06-01T12:00:00,15.871214
2024-06-01T13:00:00,17.85319
2024-06-01T14:00:00,19.32551
2024-06-01T15:00:00,20.629238
2024-06-01T16:00:00,21.910461
2024-06-01T17:00:00,24.501571
2024-06-01T18:00:00,27.019978
2024-06-01T19:00:00,27.098372
2024-06-01T20:00:00,24.94021
2024-06-01T21:00:00,25.202728
2024-06-01T22:00:00,21.958606
2024-06-01T23:00:00,18.800223
2024-06-02T00:00:00,12.58457
2024-06-02T01:00:00,12.694361
2024-06-02T02:00:00,11.337842
2024-06-02T03:00:00,10.498243
2024-06-02T04:00:00,10.185246
2024-06-02T05:00:00,10.01841
2024-06-02T06:00:00,9.077809
2024-06-02T07:00:00,9.366444
2024-06-02T08:00:00,11.451486
2024-06-02T09:00:00,13.334481
2024-06-02T10:00:00,15.330498
2024-06-02T11:00:00,18.911241
2024-06-02T12:00:00,19.913843
2024-06-02T13:00:00,19.749371
2024-06-02T14:00:00,19.759315
2024-06-02T15:00:00,22.928383
2024-06-02T16:00:00,26.437086
2024-06-02T17:00:00,23.447994
2024-06-02T18:00:00,26.186759
2024-06-02T19:00:00,27.360039
2024-06-02T20:00:00,25.799731
2024-06-02T21:00:00,25.89139
2024-06-02T22:00:00,16.551978
2024-06-02T23:00:00,11.252373
2024-06-03T00:00:00,5.901472
2024-06-03T01:00:00,9.8836
2024-06-03T02:00:00,9.738055
2024-06-03T03:00:00,9.061201
2024-06-03T04:00:00,7.945796
2024-06-03T05:00:00,5.736174
2024-06-03T06:00:00,8.959189
2024-06-03T07:00:00,15.910777
2024-06-03T08:00:00,20.934502
2024-06-03T09:00:00,21.921304
2024-06-03T10:00:00,23.590734
2024-06-03T11:00:00,25.815173
2024-06-03T12:00:00,28.680634
2024-06-03T13:00:00,31.661839
2024-06-03T14:00:00,32.306248
2024-06-03T15:00:00,36.725238
2024-06-03T16:00:00,45.490264
2024-06-03T17:00:00,49.4283
2024-06-03T18:00:00,47.122993
2024-06-03T19:00:00,40.022045
2024-06-03T20:00:00,31.899243
2024-06-03T21:00:00,29.441852
2024-06-03T22:00:00,28.399023
2024-06-03T23:00:00,23.492971
2024-06-04T00:00:00,13.251078
2024-06-04T01:00:00,8.334507
2024-06-04T02:00:00,10.187262
2024-06-04T03:00:00,8.126305
2024-06-04T04:00:00,7.681013
2024-06-04T05:00:00,9.10408
2024-06-04T06:00:00,13.098342
2024-06-04T07:00:00,17.340562
2024-06-04T08:00:00,20.554851
2024-06-04T09:00:00,23.967463
2024-06-04T10:00:00,28.348112
2024-06-04T11:00:00,31.444637
2024-06-04T12:00:00,33.799714
2024-06-04T13:00:00,38.633486
2024-06-04T14:00:00,38.669387
2024-06-04T15:00:00,40.103291
2024-06-04T16:00:00,51.493329
2024-06-04T17:00:00,43.257586
2024-06-04T18:00:00,39.306421
2024-06-04T19:00:00,33.092501
2024-06-04T20:00:00,30.31646
2024-06-04T21:00:00,28.780729
2024-06-04T22:00:00,22.277519
2024-06-04T23:00:00,19.417282
2024-06-05T00:00:00,10.005757
2024-06-05T01:00:00,13.160888
2024-06-05T02:00:00,13.110248
2024-06-05T03:00:00,11.784528
2024-06-05T04:00:00,10.200285
2024-06-05T05:00:00,12.012607
2024-06-05T06:00:00,15.173715
2024-06-05T07:00:00,20.186286
2024-06-05T08:00:00,24.202219
2024-06-05T09:00:00,23.801334
2024-06-05T10:00:00,27.363939
2024-06-05T11:00:00,28.728489
2024-06-05T12:00:00,27.767897
2024-06-05T13:00:00,30.446143
2024-06-05T14:00:00,30.68494
2024-06-05T15:00:00,30.395648
2024-06-05T16:00:00,31.055269
2024-06-05T17:00:00,36.754291
2024-06-05T18:00:00,35.664555
2024-06-05T19:00:00,35.706889
2024-06-05T20:00:00,32.834992
2024-06-05T21:00:00,35.469922
2024-06-05T22:00:00,21.705396
2024-06-05T23:00:00,16.470114
2024-06-06T00:00:00,10.578717
2024-06-06T01:00:00,12.156554
2024-06-06T02:00:00,10.700001
2024-06-06T03:00:00,9.238412
2024-06-06T04:00:00,8.815706
2024-06-06T05:00:00,8.514718
2024-06-06T06:00:00,11.57552
2024-06-06T07:00:00,4.913332
2024-06-06T08:00:00,15.158902
2024-06-06T09:00:00,11.820478
2024-06-06T10:00:00,18.189374
2024-06-06T11:00:00,16.507498
2024-06-06T12:00:00,15.081932
2024-06-06T13:00:00,15.193365
2024-06-06T14:00:00,15.923034
2024-06-06T15:00:00,18.423355
2024-06-06T16:00:00,19.755801
2024-06-06T17:00:00,11.560585
2024-06-06T18:00:00,11.547792
2024-06-06T19:00:00,10.751525
2024-06-06T20:00:00,10.688227
2024-06-06T21:00:00,17.438306
2024-06-06T22:00:00,14.729923
2024-06-06T23:00:00,12.680752
2024-06-07T00:00:00,10.110625
2024-06-07T01:00:00,15.706143
2024-06-07T02:00:00,14.267449
2024-06-07T03:00:00,13.021123
2024-06-07T04:00:00,11.926638
2024-06-07T05:00:00,12.7944
2024-06-07T06:00:00,15.034882
2024-06-07T07:00:00,16.912881
2024-06-07T08:00:00,19.252921
2024-06-07T09:00:00,19.380496
2024-06-07T10:00:00,18.13278
2024-06-07T11:00:00,19.926003
2024-06-07T12:00:00,18.173824
2024-06-07T13:00:00,23.214189
2024-06-07T14:00:00,22.028296
2024-06-07T15:00:00,22.937107
2024-06-07T16:00:00,27.642884
2024-06-07T17:00:00,26.851175
2024-06-07T18:00:00,29.307755
2024-06-07T19:00:00,30.422004
2024-06-07T20:00:00,29.543663
2024-06-07T21:00:00,28.66511
2024-06-07T22:00:00,27.503822
2024-06-07T23:00:00,20.698421
2024-06-08T00:00:00,15.838229
2024-06-08T01:00:00,13.799286
2024-06-08T02:00:00,11.847815
2024-06-08T03:00:00,10.794845
2024-06-08T04:00:00,10.244258
2024-06-08T05:00:00,10.48948
2024-06-08T06:00:00,9.02236
2024-06-08T07:00:00,8.602948
2024-06-08T08:00:00,10.940278
2024-06-08T09:00:00,13.202597
2024-06-08T10:00:00,13.714059
2024-06-08T11:00:00,15.064879
2024-06-08T12:00:00,16.513618
2024-06-08T13:00:00,18.373286
2024-06-08T14:00:00,20.49775
2024-06-08T15:00:00,23.257462
2024-06-08T16:00:00,23.293945
2024-06-08T17:00:00,23.521121
2024-06-08T18:00:00,26.024954
2024-06-08T19:00:00,26.450766
2024-06-08T20:00:00,22.340769
2024-06-08T21:00:00,22.323908
2024-06-08T22:00:00,20.21275
2024-06-08T23:00:00,13.134385
2024-06-09T00:00:00,12.775218
2024-06-09T01:00:00,12.24631
2024-06-09T02:00:00,11.636566
2024-06-09T03:00:00,10.018635
2024-06-09T04:00:00,9.658367
2024-06-09T05:00:00,9.327471
2024-06-09T06:00:00,8.744824
2024-06-09T07:00:00,9.939098
2024-06-09T08:00:00,11.437805
2024-06-09T09:00:00,14.085321
2024-06-09T10:00:00,14.587593
2024-06-09T11:00:00,15.026902
2024-06-09T12:00:00,13.14777
2024-06-09T13:00:00,13.639972
2024-06-09T14:00:00,13.94864
2024-06-09T15:00:00,13.754503
2024-06-09T16:00:00,15.052375
2024-06-09T17:00:00,16.232707
2024-06-09T18:00:00,9.612552
2024-06-09T19:00:00,9.835231
2024-06-09T20:00:00,13.491964
2024-06-09T21:00:00,17.709229
2024-06-09T22:00:00,15.011343
2024-06-09T23:00:00,13.398129
2024-06-10T00:00:00,11.337232
2024-06-10T01:00:00,9.659744
2024-06-10T02:00:00,9.106619
2024-06-10T03:00:00,8.516259
2024-06-10T04:00:00,9.440756
2024-06-10T05:00:00,12.097403
2024-06-10T06:00:00,15.105443
2024-06-10T07:00:00,17.737132
2024-06-10T08:00:00,16.599095
2024-06-10T09:00:00,17.084793
2024-06-10T10:00:00,18.319045
2024-06-10T11:00:00,19.334773
2024-06-10T12:00:00,20.759117
2024-06-10T13:00:00,22.005649
2024-06-10T14:00:00,21.965487
2024-06-10T15:00:00,22.758055
2024-06-10T16:00:00,23.373832
2024-06-10T17:00:00,24.16551
2024-06-10T18:00:00,22.475748
2024-06-10T19:00:00,25.263741
2024-06-10T20:00:00,23.654672
2024-06-10T21:00:00,24.199448
2024-06-10T22:00:00,19.870536
2024-06-10T23:00:00,13.842162
2024-06-11T00:00:00,12.591108
2024-06-11T01:00:00,11.289022
2024-06-11T02:00:00,8.288474
2024-06-11T03:00:00,7.467892
2024-06-11T04:00:00,7.655244
2024-06-11T05:00:00,11.685182
2024-06-11T06:00:00,11.71435
2024-06-11T07:00:00,12.571806
2024-06-11T08:00:00,13.328651
2024-06-11T09:00:00,14.421565
2024-06-11T10:00:00,15.47013
2024-06-11T11:00:00,16.813319
2024-06-11T12:00:00,18.399699
2024-06-11T13:00:00,19.503338
2024-06-11T14:00:00,20.91682
2024-06-11T15:00:00,23.01669
2024-06-11T16:00:00,24.854272
2024-06-11T17:00:00,27.23054
2024-06-11T18:00:00,27.73653
2024-06-11T19:00:00,27.210256
2024-06-11T20:00:00,24.468166
2024-06-11T21:00:00,23.787706
2024-06-11T22:00:00,20.214273
2024-06-11T23:00:00,13.093635
2024-06-12T00:00:00,9.539757
2024-06-12T01:00:00,7.392514
2024-06-12T02:00:00,6.408743
2024-06-12T03:00:00,5.72974
2024-06-12T04:00:00,4.579952
2024-06-12T05:00:00,4.997383
2024-06-12T06:00:00,7.526957
2024-06-12T07:00:00,12.106411
2024-06-12T08:00:00,14.805057
2024-06-12T09:00:00,16.220957
2024-06-12T10:00:00,18.292443
2024-06-12T11:00:00,22.974543
2024-06-12T12:00:00,24.998593
2024-06-12T13:00:00,27.035984
2024-06-12T14:00:00,27.072079
2024-06-12T15:00:00,30.721731
2024-06-12T16:00:00,35.855976
2024-06-12T17:00:00,43.016969
2024-06-12T18:00:00,43.924652
2024-06-12T19:00:00,40.049248
2024-06-12T20:00:00,33.541651
2024-06-12T21:00:00,27.880552
2024-06-12T22:00:00,20.79418
2024-06-12T23:00:00,13.557235
2024-06-13T00:00:00,12.517943
2024-06-13T01:00:00,11.446258
2024-06-13T02:00:00,11.139448
2024-06-13T03:00:00,10.306981
2024-06-13T04:00:00,9.362881
2024-06-13T05:00:00,9.148751
2024-06-13T06:00:00,11.282254
2024-06-13T07:00:00,13.13471
2024-06-13T08:00:00,18.116863
2024-06-13T09:00:00,20.926018
2024-06-13T10:00:00,24.097546
2024-06-13T11:00:00,27.127854
2024-06-13T12:00:00,32.240102
2024-06-13T13:00:00,32.50368
2024-06-13T14:00:00,36.755066
2024-06-13T15:00:00,46.386537
2024-06-13T16:00:00,53.059167
2024-06-13T17:00:00,55.473657
2024-06-13T18:00:00,52.821292
2024-06-13T19:00:00,47.852102
2024-06-13T20:00:00,35.630865
2024-06-13T21:00:00,33.28312
2024-06-13T22:00:00,26.313345
2024-06-13T23:00:00,19.610467
2024-06-14T00:00:00,20.124466
2024-06-14T01:00:00,17.907245
2024-06-14T02:00:00,15.712281
2024-06-14T03:00:00,14.355056
2024-06-14T04:00:00,13.675013
2024-06-14T05:00:00,16.306711
2024-06-14T06:00:00,18.834145
2024-06-14T07:00:00,20.333404
2024-06-14T08:00:00,21.897332
2024-06-14T09:00:00,26.220458
2024-06-14T10:00:00,27.848021
2024-06-14T11:00:00,32.839386
2024-06-14T12:00:00,34.494196
2024-06-14T13:00:00,36.528018
2024-06-14T14:00:00,38.266697
2024-06-14T15:00:00,42.093268
2024-06-14T16:00:00,42.473284
2024-06-14T17:00:00,43.256559
2024-06-14T18:00:00,37.353211
2024-06-14T19:00:00,34.472903
2024-06-14T20:00:00,30.989831
2024-06-14T21:00:00,28.267693
2024-06-14T22:00:00,22.739853
2024-06-14T23:00:00,19.109494
2024-06-15T00:00:00,13.405532
2024-06-15T01:00:00,13.394494
2024-06-15T02:00:00,11.949158
2024-06-15T03:00:00,11.038375
2024-06-15T04:00:00,9.996472
2024-06-15T05:00:00,9.431831
2024-06-15T06:00:00,8.94291
2024-06-15T07:00:00,7.687671
2024-06-15T08:00:00,10.124995
2024-06-15T09:00:00,15.270317
2024-06-15T10:00:00,14.848521
2024-06-15T11:00:00,16.022916
2024-06-15T12:00:00,18.112861
2024-06-15T13:00:00,19.6054
2024-06-15T14:00:00,21.884201
2024-06-15T15:00:00,24.861875
2024-06-15T16:00:00,29.686388
2024-06-15T17:00:00,31.955428
2024-06-15T18:00:00,30.116525
2024-06-15T19:00:00,27.485968
2024-06-15T20:00:00,19.420185
2024-06-15T21:00:00,17.156347
2024-06-15T22:00:00,13.548524
2024-06-15T23:00:00,11.364016
2024-06-16T00:00:00,7.629037
2024-06-16T01:00:00,7.601032
2024-06-16T02:00:00,7.864525
2024-06-16T03:00:00,5.748326
2024-06-16T04:00:00,4.574158
2024-06-16T05:00:00,5.130228
2024-06-16T06:00:00,4.575885
2024-06-16T07:00:00,4.271361
2024-06-16T08:00:00,8.395261
2024-06-16T09:00:00,11.429822
2024-06-16T10:00:00,15.087762
2024-06-16T11:00:00,18.328036
2024-06-16T12:00:00,24.932272
2024-06-16T13:00:00,28.265312
2024-06-16T14:00:00,30.77541
2024-06-16T15:00:00,32.954067
2024-06-16T16:00:00,37.489052
2024-06-16T17:00:00,45.427333
2024-06-16T18:00:00,47.283175
2024-06-16T19:00:00,46.53636
2024-06-16T20:00:00,37.757469
2024-06-16T21:00:00,32.273784
2024-06-16T22:00:00,28.196087
2024-06-16T23:00:00,22.033882
2024-06-17T00:00:00,14.854796
2024-06-17T01:00:00,13.332222
2024-06-17T02:00:00,12.926247
2024-06-17T03:00:00,11.865326
2024-06-17T04:00:00,10.946266
2024-06-17T05:00:00,10.181292
2024-06-17T06:00:00,12.131819
2024-06-17T07:00:00,16.149345
2024-06-17T08:00:00,22.093216
2024-06-17T09:00:00,29.433413
2024-06-17T10:00:00,33.881219
2024-06-17T11:00:00,34.377226
2024-06-17T12:00:00,43.361929
2024-06-17T13:00:00,49.381039
2024-06-17T14:00:00,51.950842
2024-06-17T15:00:00,59.178862
2024-06-17T16:00:00,69.240612
2024-06-17T17:00:00,75.59598
2024-06-17T18:00:00,74.503364
2024-06-17T19:00:00,64.41741
2024-06-17T20:00:00,45.577053
2024-06-17T21:00:00,40.086197
2024-06-17T22:00:00,32.434648
2024-06-17T23:00:00,30.109859
2024-06-18T00:00:00,22.970941
2024-06-18T01:00:00,16.201533
2024-06-18T02:00:00,15.015065
2024-06-18T03:00:00,12.711756
2024-06-18T04:00:00,12.638049
2024-06-18T05:00:00,14.009683
2024-06-18T06:00:00,18.459008
2024-06-18T07:00:00,20.299496
2024-06-18T08:00:00,26.455671
2024-06-18T09:00:00,26.970017
2024-06-18T10:00:00,31.392259
2024-06-18T11:00:00,34.292212
2024-06-18T12:00:00,42.101385
2024-06-18T13:00:00,48.919196
2024-06-18T14:00:00,57.427881
2024-06-18T15:00:00,64.955647
2024-06-18T16:00:00,72.204012
2024-06-18T17:00:00,75.508195
2024-06-18T18:00:00,67.949218
2024-06-18T19:00:00,57.249735
2024-06-18T20:00:00,43.35626
2024-06-18T21:00:00,36.998153
2024-06-18T22:00:00,30.126164
2024-06-18T23:00:00,27.495547
2024-06-19T00:00:00,28.367553
2024-06-19T01:00:00,25.662675
2024-06-19T02:00:00,21.820799
2024-06-19T03:00:00,19.731554
2024-06-19T04:00:00,18.613164
2024-06-19T05:00:00,21.997878
2024-06-19T06:00:00,20.796168
2024-06-19T07:00:00,24.99443
2024-06-19T08:00:00,29.57932
2024-06-19T09:00:00,31.925191
2024-06-19T10:00:00,35.642328
2024-06-19T11:00:00,39.050714
2024-06-19T12:00:00,44.920604
2024-06-19T13:00:00,48.846428
2024-06-19T14:00:00,53.283865
2024-06-19T15:00:00,63.341629
2024-06-19T16:00:00,73.401897
2024-06-19T17:00:00,75.902992
2024-06-19T18:00:00,69.088533
2024-06-19T19:00:00,58.820667
2024-06-19T20:00:00,48.134296
2024-06-19T21:00:00,43.239303
2024-06-19T22:00:00,35.601979
2024-06-19T23:00:00,31.341039
2024-06-20T00:00:00,26.547625
2024-06-20T01:00:00,22.397009
2024-06-20T02:00:00,19.552714
2024-06-20T03:00:00,18.234646
2024-06-20T04:00:00,18.103498
2024-06-20T05:00:00,20.172027
2024-06-20T06:00:00,23.541541
2024-06-20T07:00:00,25.962969
2024-06-20T08:00:00,27.618726
2024-06-20T09:00:00,31.831555
2024-06-20T10:00:00,39.196655
2024-06-20T11:00:00,44.031061
2024-06-20T12:00:00,53.939259
2024-06-20T13:00:00,62.614111
2024-06-20T14:00:00,67.549067
2024-06-20T15:00:00,73.211444
2024-06-20T16:00:00,88.345176
2024-06-20T17:00:00,92.202754
2024-06-20T18:00:00,79.919924
2024-06-20T19:00:00,67.871028
2024-06-20T20:00:00,54.770939
2024-06-20T21:00:00,54.715456
2024-06-20T22:00:00,38.679694
2024-06-20T23:00:00,33.757052
2024-06-21T00:00:00,19.38652
2024-06-21T01:00:00,13.456539
2024-06-21T02:00:00,12.765298
2024-06-21T03:00:00,11.890816
2024-06-21T04:00:00,11.286828
2024-06-21T05:00:00,12.789385
2024-06-21T06:00:00,14.11342
2024-06-21T07:00:00,21.250521
2024-06-21T08:00:00,25.359317
2024-06-21T09:00:00,29.333386
2024-06-21T10:00:00,35.691248
2024-06-21T11:00:00,42.374269
2024-06-21T12:00:00,49.373253
2024-06-21T13:00:00,58.017209
2024-06-21T14:00:00,70.035492
2024-06-21T15:00:00,83.293627
2024-06-21T16:00:00,99.962502
2024-06-21T17:00:00,106.480177
2024-06-21T18:00:00,87.933751
2024-06-21T19:00:00,68.538516
2024-06-21T20:00:00,50.542956
2024-06-21T21:00:00,43.594311
2024-06-21T22:00:00,34.446156
2024-06-21T23:00:00,30.544637
2024-06-22T00:00:00,13.683127
2024-06-22T01:00:00,13.891119
2024-06-22T02:00:00,13.730599
2024-06-22T03:00:00,12.855531
2024-06-22T04:00:00,10.588114
2024-06-22T05:00:00,10.130608
2024-06-22T06:00:00,9.438043
2024-06-22T07:00:00,10.548028
2024-06-22T08:00:00,14.021332
2024-06-22T09:00:00,23.371462
2024-06-22T10:00:00,29.699737
2024-06-22T11:00:00,31.621485
2024-06-22T12:00:00,34.459316
2024-06-22T13:00:00,37.842134
2024-06-22T14:00:00,41.693889
2024-06-22T15:00:00,51.453303
2024-06-22T16:00:00,62.023048
2024-06-22T17:00:00,65.668911
2024-06-22T18:00:00,56.226028
2024-06-22T19:00:00,42.050147
2024-06-22T20:00:00,28.326576
2024-06-22T21:00:00,24.254957
2024-06-22T22:00:00,19.952029
2024-06-22T23:00:00,17.746167
2024-06-23T00:00:00,14.188986
2024-06-23T01:00:00,14.552298
2024-06-23T02:00:00,12.336558
2024-06-23T03:00:00,10.850899
2024-06-23T04:00:00,8.481996
2024-06-23T05:00:00,8.925466
2024-06-23T06:00:00,7.594149
2024-06-23T07:00:00,12.255762
2024-06-23T08:00:00,16.97089
2024-06-23T09:00:00,22.92693
2024-06-23T10:00:00,24.636335
2024-06-23T11:00:00,27.580697
2024-06-23T12:00:00,28.528206
2024-06-23T13:00:00,30.650033
2024-06-23T14:00:00,29.573558
2024-06-23T15:00:00,32.895704
2024-06-23T16:00:00,36.128867
2024-06-23T17:00:00,43.904927
2024-06-23T18:00:00,35.418185
2024-06-23T19:00:00,35.335731
2024-06-23T20:00:00,32.793595
2024-06-23T21:00:00,30.537787
2024-06-23T22:00:00,28.963729
2024-06-23T23:00:00,23.81736
2024-06-24T00:00:00,15.706657
2024-06-24T01:00:00,16.169532
2024-06-24T02:00:00,15.042176
2024-06-24T03:00:00,13.527128
2024-06-24T04:00:00,13.543005
2024-06-24T05:00:00,13.219458
2024-06-24T06:00:00,13.47348
2024-06-24T07:00:00,19.334269
2024-06-24T08:00:00,21.62581
2024-06-24T09:00:00,25.10258
2024-06-24T10:00:00,26.40445
2024-06-24T11:00:00,31.022806
2024-06-24T12:00:00,34.790006
2024-06-24T13:00:00,37.789342
2024-06-24T14:00:00,38.188369
2024-06-24T15:00:00,40.213542
2024-06-24T16:00:00,45.271518
2024-06-24T17:00:00,47.890138
2024-06-24T18:00:00,43.674387
2024-06-24T19:00:00,43.548834
2024-06-24T20:00:00,35.936213
2024-06-24T21:00:00,35.349263
2024-06-24T22:00:00,25.392264
2024-06-24T23:00:00,23.11999
2024-06-25T00:00:00,12.481739
2024-06-25T01:00:00,11.912175
2024-06-25T02:00:00,12.789719
2024-06-25T03:00:00,11.758193
2024-06-25T04:00:00,10.187976
2024-06-25T05:00:00,9.980587
2024-06-25T06:00:00,11.774502
2024-06-25T07:00:00,14.703417
2024-06-25T08:00:00,19.207976
2024-06-25T09:00:00,20.337054
2024-06-25T10:00:00,24.730592
2024-06-25T11:00:00,29.522421
2024-06-25T12:00:00,33.95892
2024-06-25T13:00:00,36.18629
2024-06-25T14:00:00,40.015459
2024-06-25T15:00:00,45.049443
2024-06-25T16:00:00,56.501626
2024-06-25T17:00:00,63.652798
2024-06-25T18:00:00,60.682136
2024-06-25T19:00:00,57.091226
2024-06-25T20:00:00,43.112225
2024-06-25T21:00:00,38.181657
2024-06-25T22:00:00,32.121368
2024-06-25T23:00:00,26.273383
2024-06-26T00:00:00,23.605567
2024-06-26T01:00:00,20.557049
2024-06-26T02:00:00,18.319821
2024-06-26T03:00:00,16.598256
2024-06-26T04:00:00,15.93955
2024-06-26T05:00:00,19.938987
2024-06-26T06:00:00,20.856133
2024-06-26T07:00:00,22.617299
2024-06-26T08:00:00,25.511335
2024-06-26T09:00:00,27.493348
2024-06-26T10:00:00,31.740303
2024-06-26T11:00:00,35.386949
2024-06-26T12:00:00,35.67157
2024-06-26T13:00:00,35.290985
2024-06-26T14:00:00,35.434777
2024-06-26T15:00:00,36.59529
2024-06-26T16:00:00,39.946561
2024-06-26T17:00:00,40.336278
2024-06-26T18:00:00,38.145344
2024-06-26T19:00:00,36.131706
2024-06-26T20:00:00,36.341656
2024-06-26T21:00:00,34.675091
2024-06-26T22:00:00,27.854541
2024-06-26T23:00:00,23.427837
2024-06-27T00:00:00,22.929257
2024-06-27T01:00:00,22.083719
2024-06-27T02:00:00,18.232806
2024-06-27T03:00:00,16.649477
2024-06-27T04:00:00,15.44405
2024-06-27T05:00:00,16.445488
2024-06-27T06:00:00,19.582957
2024-06-27T07:00:00,22.889262
2024-06-27T08:00:00,24.515828
2024-06-27T09:00:00,25.005263
2024-06-27T10:00:00,26.916564
2024-06-27T11:00:00,29.136185
2024-06-27T12:00:00,31.943763
2024-06-27T13:00:00,33.822686
2024-06-27T14:00:00,35.370701
2024-06-27T15:00:00,36.958269
2024-06-27T16:00:00,39.616526
2024-06-27T17:00:00,39.124218
2024-06-27T18:00:00,36.292491
2024-06-27T19:00:00,31.851204
2024-06-27T20:00:00,28.891641
2024-06-27T21:00:00,27.526698
2024-06-27T22:00:00,19.759626
2024-06-27T23:00:00,16.040081
2024-06-28T00:00:00,13.638636
2024-06-28T01:00:00,12.094568
2024-06-28T02:00:00,10.0551
2024-06-28T03:00:00,8.53599
2024-06-28T04:00:00,7.513387
2024-06-28T05:00:00,7.812258
2024-06-28T06:00:00,2.853951
2024-06-28T07:00:00,8.486182
2024-06-28T08:00:00,12.238798
2024-06-28T09:00:00,13.436931
2024-06-28T10:00:00,13.70979
2024-06-28T11:00:00,18.334067
2024-06-28T12:00:00,25.706382
2024-06-28T13:00:00,31.665288
2024-06-28T14:00:00,31.477672
2024-06-28T15:00:00,32.880078
2024-06-28T16:00:00,39.303973
2024-06-28T17:00:00,39.182429
2024-06-28T18:00:00,38.419947
2024-06-28T19:00:00,38.794956
2024-06-28T20:00:00,33.201345
2024-06-28T21:00:00,33.306021
2024-06-28T22:00:00,27.123173
2024-06-28T23:00:00,24.634989
2024-06-29T00:00:00,17.455024
2024-06-29T01:00:00,14.898144
2024-06-29T02:00:00,15.051381
2024-06-29T03:00:00,11.904976
2024-06-29T04:00:00,10.610229
2024-06-29T05:00:00,10.13252
2024-06-29T06:00:00,10.844711
2024-06-29T07:00:00,11.673995
2024-06-29T08:00:00,16.383403
2024-06-29T09:00:00,22.294484
2024-06-29T10:00:00,23.720718
2024-06-29T11:00:00,26.768073
2024-06-29T12:00:00,35.053259
2024-06-29T13:00:00,36.923966
2024-06-29T14:00:00,34.5129
2024-06-29T15:00:00,37.475881
2024-06-29T16:00:00,42.330649
2024-06-29T17:00:00,51.964103
2024-06-29T18:00:00,51.334802
2024-06-29T19:00:00,43.70241
2024-06-29T20:00:00,35.846197
2024-06-29T21:00:00,30.275592
2024-06-29T22:00:00,25.210113
2024-06-29T23:00:00,15.78749
2024-06-30T00:00:00,17.621846
2024-06-30T01:00:00,13.793856
2024-06-30T02:00:00,11.240412
2024-06-30T03:00:00,11.224908
2024-06-30T04:00:00,11.966069
2024-06-30T05:00:00,9.933024
2024-06-30T06:00:00,9.179729
2024-06-30T07:00:00,9.466098
2024-06-30T08:00:00,11.519706
2024-06-30T09:00:00,14.72014
2024-06-30T10:00:00,15.220395
2024-06-30T11:00:00,12.733301
2024-06-30T12:00:00,22.842788
2024-06-30T13:00:00,25.187291
2024-06-30T14:00:00,12.041536
2024-06-30T15:00:00,12.468834
2024-06-30T16:00:00,12.469428
2024-06-30T17:00:00,27.457931
2024-06-30T18:00:00,25.645385
2024-06-30T19:00:00,12.480571
2024-06-30T20:00:00,13.031502
2024-06-30T21:00:00,17.783425
2024-06-30T22:00:00,13.025563
2024-06-30T23:00:00,11.290068
2024-07-01T00:00:00,11.066263
2024-07-01T01:00:00,9.952501
2024-07-01T02:00:00,8.291508
2024-07-01T03:00:00,6.688448
2024-07-01T04:00:00,4.451701
2024-07-01T05:00:00,5.747079
2024-07-01T06:00:00,8.610537
2024-07-01T07:00:00,10.580503
2024-07-01T08:00:00,13.490997
2024-07-01T09:00:00,14.255723
2024-07-01T10:00:00,14.363422
2024-07-01T11:00:00,16.660325
2024-07-01T12:00:00,19.330308
2024-07-01T13:00:00,22.694494
2024-07-01T14:00:00,22.537202
2024-07-01T15:00:00,23.835486
2024-07-01T16:00:00,25.976157
2024-07-01T17:00:00,30.726476
2024-07-01T18:00:00,30.75869
2024-07-01T19:00:00,26.028263
2024-07-01T20:00:00,22.44299
2024-07-01T21:00:00,19.121917
2024-07-01T22:00:00,12.564497
2024-07-01T23:00:00,10.415017
2024-07-02T00:00:00,7.226906
2024-07-02T01:00:00,5.297468
2024-07-02T02:00:00,4.156707
2024-07-02T03:00:00,2.548557
2024-07-02T04:00:00,-0.996851
2024-07-02T05:00:00,1.828725
2024-07-02T06:00:00,4.761249
2024-07-02T07:00:00,6.38762
2024-07-02T08:00:00,11.563958
2024-07-02T09:00:00,12.127712
2024-07-02T10:00:00,14.832181
2024-07-02T11:00:00,16.54834
2024-07-02T12:00:00,20.72913
2024-07-02T13:00:00,25.961368
2024-07-02T14:00:00,29.994208
2024-07-02T15:00:00,33.906541
2024-07-02T16:00:00,39.749539
2024-07-02T17:00:00,54.141998
2024-07-02T18:00:00,52.355428
2024-07-02T19:00:00,52.94179
2024-07-02T20:00:00,42.55227
2024-07-02T21:00:00,36.540812
2024-07-02T22:00:00,26.25124
2024-07-02T23:00:00,23.321892
2024-07-03T00:00:00,15.590971
2024-07-03T01:00:00,13.992304
2024-07-03T02:00:00,12.025913
2024-07-03T03:00:00,11.171941
2024-07-03T04:00:00,11.340836
2024-07-03T05:00:00,12.931351
2024-07-03T06:00:00,16.008566
2024-07-03T07:00:00,19.971673
2024-07-03T08:00:00,23.363384
2024-07-03T09:00:00,27.453443
2024-07-03T10:00:00,31.759226
2024-07-03T11:00:00,35.704743
2024-07-03T12:00:00,38.258427
2024-07-03T13:00:00,41.881593
2024-07-03T14:00:00,45.210541
2024-07-03T15:00:00,48.831114
2024-07-03T16:00:00,55.065503
2024-07-03T17:00:00,62.325306
2024-07-03T18:00:00,57.922554
2024-07-03T19:00:00,54.950926
2024-07-03T20:00:00,42.574147
2024-07-03T21:00:00,39.70658
2024-07-03T22:00:00,36.658275
2024-07-03T23:00:00,33.302081
2024-07-04T00:00:00,26.977831
2024-07-04T01:00:00,21.825483
2024-07-04T02:00:00,18.067617
2024-07-04T03:00:00,13.591753
2024-07-04T04:00:00,12.548934
2024-07-04T05:00:00,13.90303
2024-07-04T06:00:00,13.601933
2024-07-04T07:00:00,10.611322
2024-07-04T08:00:00,16.6652
2024-07-04T09:00:00,26.629824
2024-07-04T10:00:00,28.363586
2024-07-04T11:00:00,33.651772
2024-07-04T12:00:00,39.655055
2024-07-04T13:00:00,41.204368
2024-07-04T14:00:00,42.965669
2024-07-04T15:00:00,42.219117
2024-07-04T16:00:00,47.500306
2024-07-04T17:00:00,49.25161
2024-07-04T18:00:00,43.206531
2024-07-04T19:00:00,43.189035
2024-07-04T20:00:00,37.429758
2024-07-04T21:00:00,40.988991
2024-07-04T22:00:00,33.15892
2024-07-04T23:00:00,29.006218
2024-07-05T00:00:00,13.015384
2024-07-05T01:00:00,15.339424
2024-07-05T02:00:00,10.450769
2024-07-05T03:00:00,9.917215
2024-07-05T04:00:00,8.242002
2024-07-05T05:00:00,6.401541
2024-07-05T06:00:00,7.943419
2024-07-05T07:00:00,10.419762
2024-07-05T08:00:00,12.95104
2024-07-05T09:00:00,17.122326
2024-07-05T10:00:00,19.382664
2024-07-05T11:00:00,23.737104
2024-07-05T12:00:00,32.754016
2024-07-05T13:00:00,33.658367
2024-07-05T14:00:00,33.03471
2024-07-05T15:00:00,35.142797
2024-07-05T16:00:00,35.420883
2024-07-05T17:00:00,34.816632
2024-07-05T18:00:00,42.371596
2024-07-05T19:00:00,41.852986
2024-07-05T20:00:00,37.814759
2024-07-05T21:00:00,34.48146
2024-07-05T22:00:00,32.760549
2024-07-05T23:00:00,23.270744
2024-07-06T00:00:00,15.058012
2024-07-06T01:00:00,13.168506
2024-07-06T02:00:00,12.283818
2024-07-06T03:00:00,10.615798
2024-07-06T04:00:00,9.367655
2024-07-06T05:00:00,9.953465
2024-07-06T06:00:00,9.417771
2024-07-06T07:00:00,10.343783
2024-07-06T08:00:00,13.362678
2024-07-06T09:00:00,15.484966
2024-07-06T10:00:00,19.128725
2024-07-06T11:00:00,19.360053
2024-07-06T12:00:00,27.972175
2024-07-06T13:00:00,31.246468
2024-07-06T14:00:00,33.758246
2024-07-06T15:00:00,36.784483
2024-07-06T16:00:00,42.774415
2024-07-06T17:00:00,44.247672
2024-07-06T18:00:00,43.178703
2024-07-06T19:00:00,36.801761
2024-07-06T20:00:00,34.23591
2024-07-06T21:00:00,31.521155
2024-07-06T22:00:00,24.520814
2024-07-06T23:00:00,20.040624
2024-07-07T00:00:00,13.261539
2024-07-07T01:00:00,12.189456
2024-07-07T02:00:00,9.705667
2024-07-07T03:00:00,9.174922
2024-07-07T04:00:00,8.744126
2024-07-07T05:00:00,7.33388
2024-07-07T06:00:00,6.360842
2024-07-07T07:00:00,6.030136
2024-07-07T08:00:00,10.279462
2024-07-07T09:00:00,16.406138
2024-07-07T10:00:00,18.413146
2024-07-07T11:00:00,20.631674
2024-07-07T12:00:00,25.328248
2024-07-07T13:00:00,27.198183
2024-07-07T14:00:00,31.161826
2024-07-07T15:00:00,36.290572
2024-07-07T16:00:00,43.376367
2024-07-07T17:00:00,49.160929
2024-07-07T18:00:00,51.89351
2024-07-07T19:00:00,42.868834
2024-07-07T20:00:00,35.391703
2024-07-07T21:00:00,33.45701
2024-07-07T22:00:00,26.849463
2024-07-07T23:00:00,22.20189
2024-07-08T00:00:00,14.770866
2024-07-08T01:00:00,11.837883
2024-07-08T02:00:00,9.836126
2024-07-08T03:00:00,9.834035
2024-07-08T04:00:00,9.724171
2024-07-08T05:00:00,9.825384
2024-07-08T06:00:00,10.454838
2024-07-08T07:00:00,15.809374
2024-07-08T08:00:00,24.092638
2024-07-08T09:00:00,28.510938
2024-07-08T10:00:00,34.965362
2024-07-08T11:00:00,36.787406
2024-07-08T12:00:00,41.190754
2024-07-08T13:00:00,41.337127
2024-07-08T14:00:00,45.75602
2024-07-08T15:00:00,48.614816
2024-07-08T16:00:00,60.497478
2024-07-08T17:00:00,65.847319
2024-07-08T18:00:00,60.281582
2024-07-08T19:00:00,50.486662
2024-07-08T20:00:00,47.355702
2024-07-08T21:00:00,44.412244
2024-07-08T22:00:00,34.301905
2024-07-08T23:00:00,31.0417
2024-07-09T00:00:00,21.374183
2024-07-09T01:00:00,18.729859
2024-07-09T02:00:00,16.17797
2024-07-09T03:00:00,14.32275
2024-07-09T04:00:00,14.449373
2024-07-09T05:00:00,15.120505
2024-07-09T06:00:00,15.662449
2024-07-09T07:00:00,21.362467
2024-07-09T08:00:00,23.86787
2024-07-09T09:00:00,30.956807
2024-07-09T10:00:00,37.329284
2024-07-09T11:00:00,43.488081
2024-07-09T12:00:00,54.778471
2024-07-09T13:00:00,57.570507
2024-07-09T14:00:00,60.030293
2024-07-09T15:00:00,59.037241
2024-07-09T16:00:00,58.825373
2024-07-09T17:00:00,64.718377
2024-07-09T18:00:00,55.748306
2024-07-09T19:00:00,42.325348
2024-07-09T20:00:00,34.864111
2024-07-09T21:00:00,39.004828
2024-07-09T22:00:00,31.388998
2024-07-09T23:00:00,24.3803
2024-07-10T00:00:00,20.094045
2024-07-10T01:00:00,20.439117
2024-07-10T02:00:00,19.829881
2024-07-10T03:00:00,15.232089
2024-07-10T04:00:00,15.042945
2024-07-10T05:00:00,15.129388
2024-07-10T06:00:00,15.003481
2024-07-10T07:00:00,20.431674
2024-07-10T08:00:00,24.346804
2024-07-10T09:00:00,28.842781
2024-07-10T10:00:00,33.029282
2024-07-10T11:00:00,33.87226
2024-07-10T12:00:00,34.884887
2024-07-10T13:00:00,37.732606
2024-07-10T14:00:00,38.185058
2024-07-10T15:00:00,43.518953
2024-07-10T16:00:00,49.841618
2024-07-10T17:00:00,51.607605
2024-07-10T18:00:00,45.680343
2024-07-10T19:00:00,44.70067
2024-07-10T20:00:00,42.41381
2024-07-10T21:00:00,37.175982
2024-07-10T22:00:00,31.496102
2024-07-10T23:00:00,26.175175
2024-07-11T00:00:00,22.706138
2024-07-11T01:00:00,22.509234
2024-07-11T02:00:00,19.380463
2024-07-11T03:00:00,16.408295
2024-07-11T04:00:00,18.346566
2024-07-11T05:00:00,20.358767
2024-07-11T06:00:00,22.820866
2024-07-11T07:00:00,23.721292
2024-07-11T08:00:00,24.753125
2024-07-11T09:00:00,29.194106
2024-07-11T10:00:00,30.921007
2024-07-11T11:00:00,33.205496
2024-07-11T12:00:00,36.024943
2024-07-11T13:00:00,37.306637
2024-07-11T14:00:00,41.839701
2024-07-11T15:00:00,47.320751
2024-07-11T16:00:00,59.144765
2024-07-11T17:00:00,62.170577
2024-07-11T18:00:00,62.622206
2024-07-11T19:00:00,51.948997
2024-07-11T20:00:00,42.427385
2024-07-11T21:00:00,41.334019
2024-07-11T22:00:00,32.777241
2024-07-11T23:00:00,25.114039
2024-07-12T00:00:00,25.223624
2024-07-12T01:00:00,20.697331
2024-07-12T02:00:00,17.081017
2024-07-12T03:00:00,15.448011
2024-07-12T04:00:00,15.784948
2024-07-12T05:00:00,19.429311
2024-07-12T06:00:00,19.416379
2024-07-12T07:00:00,22.405505
2024-07-12T08:00:00,26.828857
2024-07-12T09:00:00,34.090471
2024-07-12T10:00:00,37.087375
2024-07-12T11:00:00,41.751509
2024-07-12T12:00:00,41.239449
2024-07-12T13:00:00,45.648763
2024-07-12T14:00:00,47.598276
2024-07-12T15:00:00,53.217282
2024-07-12T16:00:00,59.064003
2024-07-12T17:00:00,59.596567
2024-07-12T18:00:00,53.364967
2024-07-12T19:00:00,50.183182
2024-07-12T20:00:00,46.423332
2024-07-12T21:00:00,42.21517
2024-07-12T22:00:00,35.344591
2024-07-12T23:00:00,31.49406
2024-07-13T00:00:00,21.111145
2024-07-13T01:00:00,19.154281
2024-07-13T02:00:00,14.989161
2024-07-13T03:00:00,13.536253
2024-07-13T04:00:00,11.499395
2024-07-13T05:00:00,13.196999
2024-07-13T06:00:00,12.99704
2024-07-13T07:00:00,11.693391
2024-07-13T08:00:00,22.375519
2024-07-13T09:00:00,29.146124
2024-07-13T10:00:00,34.39231
2024-07-13T11:00:00,40.688978
2024-07-13T12:00:00,41.302424
2024-07-13T13:00:00,47.458496
2024-07-13T14:00:00,47.653282
2024-07-13T15:00:00,55.211111
2024-07-13T16:00:00,68.588674
2024-07-13T17:00:00,73.215052
2024-07-13T18:00:00,71.0525
2024-07-13T19:00:00,60.458691
2024-07-13T20:00:00,47.817923
2024-07-13T21:00:00,44.805126
2024-07-13T22:00:00,36.893627
2024-07-13T23:00:00,32.279653
2024-07-14T00:00:00,20.580578
2024-07-14T01:00:00,17.413099
2024-07-14T02:00:00,15.017316
2024-07-14T03:00:00,12.837629
2024-07-14T04:00:00,12.864695
2024-07-14T05:00:00,13.747338
2024-07-14T06:00:00,12.782765
2024-07-14T07:00:00,12.004649
2024-07-14T08:00:00,18.837181
2024-07-14T09:00:00,26.020914
2024-07-14T10:00:00,32.243922
2024-07-14T11:00:00,38.713579
2024-07-14T12:00:00,43.433906
2024-07-14T13:00:00,45.307945
2024-07-14T14:00:00,51.132275
2024-07-14T15:00:00,56.082727
2024-07-14T16:00:00,66.878841
2024-07-14T17:00:00,74.849398
2024-07-14T18:00:00,74.019333
2024-07-14T19:00:00,69.285416
2024-07-14T20:00:00,53.98889
2024-07-14T21:00:00,44.367146
2024-07-14T22:00:00,33.886662
2024-07-14T23:00:00,28.134863
2024-07-15T00:00:00,25.350139
2024-07-15T01:00:00,20.923836
2024-07-15T02:00:00,17.506085
2024-07-15T03:00:00,14.484846
2024-07-15T04:00:00,13.54038
2024-07-15T05:00:00,15.768908
2024-07-15T06:00:00,19.115881
2024-07-15T07:00:00,24.315252
2024-07-15T08:00:00,29.143889
2024-07-15T09:00:00,37.130432
2024-07-15T10:00:00,44.918659
2024-07-15T11:00:00,55.793528
2024-07-15T12:00:00,66.766376
2024-07-15T13:00:00,88.118369
2024-07-15T14:00:00,121.128167
2024-07-15T15:00:00,147.763638
2024-07-15T16:00:00,161.834756
2024-07-15T17:00:00,171.839579
2024-07-15T18:00:00,154.084754
2024-07-15T19:00:00,115.49157
2024-07-15T20:00:00,76.787944
2024-07-15T21:00:00,59.671276
2024-07-15T22:00:00,39.904571
2024-07-15T23:00:00,29.42606
2024-07-16T00:00:00,25.543943
2024-07-16T01:00:00,20.555806
2024-07-16T02:00:00,17.985262
2024-07-16T03:00:00,16.525687
2024-07-16T04:00:00,15.106664
2024-07-16T05:00:00,15.43648
2024-07-16T06:00:00,22.198129
2024-07-16T07:00:00,21.469614
2024-07-16T08:00:00,26.108717
2024-07-16T09:00:00,30.105721
2024-07-16T10:00:00,34.157579
2024-07-16T11:00:00,44.407263
2024-07-16T12:00:00,47.837282
2024-07-16T13:00:00,51.142202
2024-07-16T14:00:00,64.669346
2024-07-16T15:00:00,79.133557
2024-07-16T16:00:00,85.622384
2024-07-16T17:00:00,93.038912
2024-07-16T18:00:00,85.970643
2024-07-16T19:00:00,62.74587
2024-07-16T20:00:00,57.649414
2024-07-16T21:00:00,50.401526
2024-07-16T22:00:00,35.93228
2024-07-16T23:00:00,30.392423
2024-07-17T00:00:00,27.594208
2024-07-17T01:00:00,22.597507
2024-07-17T02:00:00,19.073158
2024-07-17T03:00:00,15.750311
2024-07-17T04:00:00,13.684389
2024-07-17T05:00:00,15.701353
2024-07-17T06:00:00,18.306847
2024-07-17T07:00:00,17.873906
2024-07-17T08:00:00,22.927535
2024-07-17T09:00:00,28.586187
2024-07-17T10:00:00,31.081774
2024-07-17T11:00:00,33.284597
2024-07-17T12:00:00,36.395715
2024-07-17T13:00:00,40.013197
2024-07-17T14:00:00,39.690903
2024-07-17T15:00:00,42.068649
2024-07-17T16:00:00,44.061059
2024-07-17T17:00:00,42.698776
2024-07-17T18:00:00,39.385382
2024-07-17T19:00:00,36.043721
2024-07-17T20:00:00,35.989238
2024-07-17T21:00:00,33.545516
2024-07-17T22:00:00,28.280774
2024-07-17T23:00:00,23.051331
2024-07-18T00:00:00,22.739015
2024-07-18T01:00:00,17.390201
2024-07-18T02:00:00,12.339783
2024-07-18T03:00:00,11.484279
2024-07-18T04:00:00,11.600223
2024-07-18T05:00:00,14.851535
2024-07-18T06:00:00,16.73117
2024-07-18T07:00:00,20.227583
2024-07-18T08:00:00,25.395478
2024-07-18T09:00:00,27.46259
2024-07-18T10:00:00,29.644325
2024-07-18T11:00:00,32.941541
2024-07-18T12:00:00,32.917053
2024-07-18T13:00:00,35.581673
2024-07-18T14:00:00,35.999254
2024-07-18T15:00:00,37.482169
2024-07-18T16:00:00,40.399385
2024-07-18T17:00:00,39.969113
2024-07-18T18:00:00,38.099055
2024-07-18T19:00:00,36.717052
2024-07-18T20:00:00,35.931808
2024-07-18T21:00:00,33.45499
2024-07-18T22:00:00,25.257696
2024-07-18T23:00:00,22.70986
2024-07-19T00:00:00,14.949033
2024-07-19T01:00:00,14.61535
2024-07-19T02:00:00,11.006561
2024-07-19T03:00:00,10.870499
2024-07-19T04:00:00,11.179013
2024-07-19T05:00:00,11.623033
2024-07-19T06:00:00,13.140042
2024-07-19T07:00:00,13.290375
2024-07-19T08:00:00,15.393974
2024-07-19T09:00:00,19.341585
2024-07-19T10:00:00,21.443449
2024-07-19T11:00:00,26.298673
2024-07-19T12:00:00,28.380038
2024-07-19T13:00:00,31.008587
2024-07-19T14:00:00,33.932296
2024-07-19T15:00:00,37.312681
2024-07-19T16:00:00,40.984719
2024-07-19T17:00:00,45.199455
2024-07-19T18:00:00,40.262555
2024-07-19T19:00:00,36.326816
2024-07-19T20:00:00,32.173329
2024-07-19T21:00:00,29.832027
2024-07-19T22:00:00,24.766793
2024-07-19T23:00:00,21.052087
2024-07-20T00:00:00,20.165314
2024-07-20T01:00:00,20.126791
2024-07-20T02:00:00,16.98397
2024-07-20T03:00:00,13.204046
2024-07-20T04:00:00,13.774835
2024-07-20T05:00:00,14.57927
2024-07-20T06:00:00,14.906951
2024-07-20T07:00:00,15.150742
2024-07-20T08:00:00,18.336835
2024-07-20T09:00:00,20.718257
2024-07-20T10:00:00,23.620493
2024-07-20T11:00:00,27.483844
2024-07-20T12:00:00,30.203571
2024-07-20T13:00:00,30.675823
2024-07-20T14:00:00,31.936066
2024-07-20T15:00:00,33.901869
2024-07-20T16:00:00,36.410773
2024-07-20T17:00:00,38.73564
2024-07-20T18:00:00,38.695698
2024-07-20T19:00:00,35.078416
2024-07-20T20:00:00,33.006348
2024-07-20T21:00:00,32.344885
2024-07-20T22:00:00,25.051716
2024-07-20T23:00:00,23.275918
2024-07-21T00:00:00,16.41123
2024-07-21T01:00:00,15.321961
2024-07-21T02:00:00,12.582489
2024-07-21T03:00:00,11.018483
2024-07-21T04:00:00,10.42473
2024-07-21T05:00:00,11.684962
2024-07-21T06:00:00,11.300765
2024-07-21T07:00:00,10.24036
2024-07-21T08:00:00,13.362307
2024-07-21T09:00:00,16.655388
2024-07-21T10:00:00,18.907237
2024-07-21T11:00:00,25.038713
2024-07-21T12:00:00,31.711851
2024-07-21T13:00:00,33.08297
2024-07-21T14:00:00,34.665051
2024-07-21T15:00:00,38.197972
2024-07-21T16:00:00,44.661679
2024-07-21T17:00:00,52.289366
2024-07-21T18:00:00,49.360914
2024-07-21T19:00:00,41.759872
2024-07-21T20:00:00,36.622454
2024-07-21T21:00:00,34.286631
2024-07-21T22:00:00,27.261776
2024-07-21T23:00:00,23.745124
2024-07-22T00:00:00,20.941164
2024-07-22T01:00:00,19.12412
2024-07-22T02:00:00,15.650725
2024-07-22T03:00:00,14.254807
2024-07-22T04:00:00,14.804922
2024-07-22T05:00:00,17.830074
2024-07-22T06:00:00,21.891302
2024-07-22T07:00:00,24.590236
2024-07-22T08:00:00,26.802141
2024-07-22T09:00:00,30.745618
2024-07-22T10:00:00,35.18085
2024-07-22T11:00:00,38.617499
2024-07-22T12:00:00,42.103318
2024-07-22T13:00:00,40.866975
2024-07-22T14:00:00,43.348212
2024-07-22T15:00:00,47.363246
2024-07-22T16:00:00,51.158916
2024-07-22T17:00:00,59.583567
2024-07-22T18:00:00,47.032244
2024-07-22T19:00:00,42.383293
2024-07-22T20:00:00,39.791827
2024-07-22T21:00:00,39.93673
2024-07-22T22:00:00,31.57231
2024-07-22T23:00:00,24.958016
2024-07-23T00:00:00,22.671909
2024-07-23T01:00:00,20.321349
2024-07-23T02:00:00,16.372504
2024-07-23T03:00:00,14.226874
2024-07-23T04:00:00,13.652195
2024-07-23T05:00:00,17.898726
2024-07-23T06:00:00,19.433514
2024-07-23T07:00:00,22.120839
2024-07-23T08:00:00,24.723793
2024-07-23T09:00:00,26.459208
2024-07-23T10:00:00,31.393243
2024-07-23T11:00:00,38.158498
2024-07-23T12:00:00,44.200283
2024-07-23T13:00:00,48.616773
2024-07-23T14:00:00,55.8673
2024-07-23T15:00:00,59.707864
2024-07-23T16:00:00,69.208749
2024-07-23T17:00:00,84.004224
2024-07-23T18:00:00,71.378967
2024-07-23T19:00:00,56.622284
2024-07-23T20:00:00,52.491912
2024-07-23T21:00:00,51.191816
2024-07-23T22:00:00,40.843521
2024-07-23T23:00:00,32.122115
2024-07-24T00:00:00,28.289697
2024-07-24T01:00:00,21.351061
2024-07-24T02:00:00,19.026981
2024-07-24T03:00:00,16.427202
2024-07-24T04:00:00,15.594181
2024-07-24T05:00:00,20.469207
2024-07-24T06:00:00,18.577533
2024-07-24T07:00:00,23.144411
2024-07-24T08:00:00,29.681134
2024-07-24T09:00:00,34.836485
2024-07-24T10:00:00,35.608097
2024-07-24T11:00:00,43.34812
2024-07-24T12:00:00,43.184694
2024-07-24T13:00:00,48.552312
2024-07-24T14:00:00,50.827495
2024-07-24T15:00:00,52.617473
2024-07-24T16:00:00,57.374591
2024-07-24T17:00:00,61.639241
2024-07-24T18:00:00,56.652673
2024-07-24T19:00:00,45.904012
2024-07-24T20:00:00,43.494946
2024-07-24T21:00:00,40.392645
2024-07-24T22:00:00,34.150145
2024-07-24T23:00:00,28.814016
2024-07-25T00:00:00,20.222162
2024-07-25T01:00:00,17.781995
2024-07-25T02:00:00,15.089157
2024-07-25T03:00:00,12.393618
2024-07-25T04:00:00,11.906577
2024-07-25T05:00:00,13.993061
2024-07-25T06:00:00,14.620881
2024-07-25T07:00:00,18.709443
2024-07-25T08:00:00,24.481093
2024-07-25T09:00:00,27.969501
2024-07-25T10:00:00,29.013132
2024-07-25T11:00:00,36.002248
2024-07-25T12:00:00,37.05705
2024-07-25T13:00:00,39.133324
2024-07-25T14:00:00,39.683336
2024-07-25T15:00:00,41.315396
2024-07-25T16:00:00,48.122862
2024-07-25T17:00:00,51.564073
2024-07-25T18:00:00,43.116344
2024-07-25T19:00:00,40.061853
2024-07-25T20:00:00,38.121849
2024-07-25T21:00:00,35.276718
2024-07-25T22:00:00,23.25407
2024-07-25T23:00:00,18.832297
2024-07-26T00:00:00,11.375452
2024-07-26T01:00:00,11.723666
2024-07-26T02:00:00,7.378866
2024-07-26T03:00:00,6.205596
2024-07-26T04:00:00,6.002075
2024-07-26T05:00:00,7.309742
2024-07-26T06:00:00,9.587282
2024-07-26T07:00:00,11.484731
2024-07-26T08:00:00,16.902801
2024-07-26T09:00:00,21.236024
2024-07-26T10:00:00,21.330594
2024-07-26T11:00:00,26.846777
2024-07-26T12:00:00,29.746256
2024-07-26T13:00:00,32.327573
2024-07-26T14:00:00,34.561864
2024-07-26T15:00:00,36.416423
2024-07-26T16:00:00,43.913825
2024-07-26T17:00:00,47.163582
2024-07-26T18:00:00,44.149415
2024-07-26T19:00:00,40.897635
2024-07-26T20:00:00,34.08822
2024-07-26T21:00:00,30.457017
2024-07-26T22:00:00,23.983977
2024-07-26T23:00:00,17.274371
2024-07-27T00:00:00,12.047239
2024-07-27T01:00:00,10.907272
2024-07-27T02:00:00,9.504544
2024-07-27T03:00:00,8.557145
2024-07-27T04:00:00,7.753627
2024-07-27T05:00:00,5.372151
2024-07-27T06:00:00,6.496206
2024-07-27T07:00:00,7.692692
2024-07-27T08:00:00,10.77261
2024-07-27T09:00:00,13.956072
2024-07-27T10:00:00,15.731712
2024-07-27T11:00:00,21.072053
2024-07-27T12:00:00,24.815089
2024-07-27T13:00:00,26.344826
2024-07-27T14:00:00,29.070759
2024-07-27T15:00:00,33.34317
2024-07-27T16:00:00,41.319503
2024-07-27T17:00:00,41.961814
2024-07-27T18:00:00,42.621597
2024-07-27T19:00:00,37.956385
2024-07-27T20:00:00,33.207049
2024-07-27T21:00:00,28.464642
2024-07-27T22:00:00,22.556974
2024-07-27T23:00:00,16.763653
2024-07-28T00:00:00,14.362281
2024-07-28T01:00:00,13.294227
2024-07-28T02:00:00,10.513425
2024-07-28T03:00:00,10.028197
2024-07-28T04:00:00,8.720407
2024-07-28T05:00:00,8.946494
2024-07-28T06:00:00,9.132712
2024-07-28T07:00:00,8.973431
2024-07-28T08:00:00,10.41273
2024-07-28T09:00:00,12.839924
2024-07-28T10:00:00,15.994327
2024-07-28T11:00:00,20.143035
2024-07-28T12:00:00,25.588177
2024-07-28T13:00:00,29.813835
2024-07-28T14:00:00,29.841526
2024-07-28T15:00:00,33.653016
2024-07-28T16:00:00,39.592634
2024-07-28T17:00:00,49.470103
2024-07-28T18:00:00,45.539786
2024-07-28T19:00:00,39.138564
2024-07-28T20:00:00,35.350333
2024-07-28T21:00:00,32.491831
2024-07-28T22:00:00,24.266441
2024-07-28T23:00:00,21.942916
2024-07-29T00:00:00,20.377514
2024-07-29T01:00:00,17.82313
2024-07-29T02:00:00,15.318376
2024-07-29T03:00:00,13.278378
2024-07-29T04:00:00,13.342333
2024-07-29T05:00:00,16.468729
2024-07-29T06:00:00,19.117362
2024-07-29T07:00:00,23.210298
2024-07-29T08:00:00,23.420636
2024-07-29T09:00:00,29.41933
2024-07-29T10:00:00,30.65133
2024-07-29T11:00:00,36.02505
2024-07-29T12:00:00,40.523995
2024-07-29T13:00:00,42.099086
2024-07-29T14:00:00,42.728496
2024-07-29T15:00:00,48.78207
2024-07-29T16:00:00,54.711257
2024-07-29T17:00:00,61.240368
2024-07-29T18:00:00,54.131591
2024-07-29T19:00:00,45.453454
2024-07-29T20:00:00,41.08828
2024-07-29T21:00:00,38.863218
2024-07-29T22:00:00,29.870177
2024-07-29T23:00:00,26.850665
2024-07-30T00:00:00,24.224676
2024-07-30T01:00:00,19.435502
2024-07-30T02:00:00,17.279095
2024-07-30T03:00:00,15.40373
2024-07-30T04:00:00,14.990228
2024-07-30T05:00:00,18.803618
2024-07-30T06:00:00,22.513863
2024-07-30T07:00:00,25.097723
2024-07-30T08:00:00,29.255479
2024-07-30T09:00:00,31.281981
2024-07-30T10:00:00,32.170913
2024-07-30T11:00:00,37.185733
2024-07-30T12:00:00,43.361751
2024-07-30T13:00:00,46.132069
2024-07-30T14:00:00,48.481222
2024-07-30T15:00:00,57.989687
2024-07-30T16:00:00,67.757904
2024-07-30T17:00:00,83.137681
2024-07-30T18:00:00,75.336049
2024-07-30T19:00:00,57.711503
2024-07-30T20:00:00,46.454447
2024-07-30T21:00:00,42.346232
2024-07-30T22:00:00,36.192103
2024-07-30T23:00:00,31.442241
2024-07-31T00:00:00,21.876336
2024-07-31T01:00:00,16.402312
2024-07-31T02:00:00,12.442107
2024-07-31T03:00:00,11.735334
2024-07-31T04:00:00,10.789698
2024-07-31T05:00:00,10.949745
2024-07-31T06:00:00,12.184373
2024-07-31T07:00:00,16.618935
2024-07-31T08:00:00,21.01746
2024-07-31T09:00:00,28.96414
2024-07-31T10:00:00,35.447315
2024-07-31T11:00:00,42.579766
2024-07-31T12:00:00,46.216777
2024-07-31T13:00:00,53.630274
2024-07-31T14:00:00,55.06395
2024-07-31T15:00:00,65.533071
2024-07-31T16:00:00,80.052607
2024-07-31T17:00:00,90.654174
2024-07-31T18:00:00,78.499572
2024-07-31T19:00:00,69.358454
2024-07-31T20:00:00,54.771067
2024-07-31T21:00:00,47.027039
2024-07-31T22:00:00,36.25329
2024-07-31T23:00:00,32.043261
2024-08-01T00:00:00,26.494449
2024-08-01T01:00:00,23.938105
2024-08-01T02:00:00,18.628346
2024-08-01T03:00:00,16.88247
2024-08-01T04:00:00,16.480414
2024-08-01T05:00:00,18.702606
2024-08-01T06:00:00,21.176127
2024-08-01T07:00:00,21.80186
2024-08-01T08:00:00,24.232214
2024-08-01T09:00:00,28.986496
2024-08-01T10:00:00,34.367075
2024-08-01T11:00:00,41.279567
2024-08-01T12:00:00,47.309874
2024-08-01T13:00:00,54.016714
2024-08-01T14:00:00,57.774052
2024-08-01T15:00:00,71.468467
2024-08-01T16:00:00,83.897372
2024-08-01T17:00:00,97.860871
2024-08-01T18:00:00,85.096181
2024-08-01T19:00:00,62.504215
2024-08-01T20:00:00,48.717779
2024-08-01T21:00:00,49.611017
2024-08-01T22:00:00,40.100333
2024-08-01T23:00:00,34.102873
2024-08-02T00:00:00,27.45322
2024-08-02T01:00:00,19.230211
2024-08-02T02:00:00,16.725301
2024-08-02T03:00:00,14.392986
2024-08-02T04:00:00,10.97826
2024-08-02T05:00:00,10.966398
2024-08-02T06:00:00,15.002042
2024-08-02T07:00:00,13.483731
2024-08-02T08:00:00,18.543676
2024-08-02T09:00:00,24.878706
2024-08-02T10:00:00,30.45717
2024-08-02T11:00:00,37.004994
2024-08-02T12:00:00,38.62971
2024-08-02T13:00:00,41.460446
2024-08-02T14:00:00,49.808755
2024-08-02T15:00:00,57.167891
2024-08-02T16:00:00,61.558103
2024-08-02T17:00:00,57.319485
2024-08-02T18:00:00,49.667417
2024-08-02T19:00:00,41.719736
2024-08-02T20:00:00,41.633769
2024-08-02T21:00:00,37.684573
2024-08-02T22:00:00,33.104376
2024-08-02T23:00:00,29.519249
2024-08-03T00:00:00,22.98282
2024-08-03T01:00:00,22.510575
2024-08-03T02:00:00,17.560957
2024-08-03T03:00:00,14.811408
2024-08-03T04:00:00,12.262448
2024-08-03T05:00:00,11.630109
2024-08-03T06:00:00,11.784874
2024-08-03T07:00:00,12.366613
2024-08-03T08:00:00,15.205581
2024-08-03T09:00:00,21.259677
2024-08-03T10:00:00,25.756768
2024-08-03T11:00:00,34.127317
2024-08-03T12:00:00,34.491687
2024-08-03T13:00:00,35.990045
2024-08-03T14:00:00,38.527978
2024-08-03T15:00:00,45.659785
2024-08-03T16:00:00,54.01356
2024-08-03T17:00:00,55.144315
2024-08-03T18:00:00,51.244689
2024-08-03T19:00:00,44.9433
2024-08-03T20:00:00,39.825681
2024-08-03T21:00:00,36.440572
2024-08-03T22:00:00,30.01151
2024-08-03T23:00:00,25.395722
2024-08-04T00:00:00,17.304952
2024-08-04T01:00:00,16.577036
2024-08-04T02:00:00,12.45318
2024-08-04T03:00:00,10.746725
2024-08-04T04:00:00,9.994505
2024-08-04T05:00:00,9.840219
2024-08-04T06:00:00,9.99438
2024-08-04T07:00:00,6.943042
2024-08-04T08:00:00,10.947762
2024-08-04T09:00:00,17.033584
2024-08-04T10:00:00,21.197682
2024-08-04T11:00:00,30.01506
2024-08-04T12:00:00,32.701194
2024-08-04T13:00:00,36.977495
2024-08-04T14:00:00,39.53471
2024-08-04T15:00:00,42.146555
2024-08-04T16:00:00,51.064633
2024-08-04T17:00:00,58.958042
2024-08-04T18:00:00,60.349687
2024-08-04T19:00:00,50.384848
2024-08-04T20:00:00,41.236948
2024-08-04T21:00:00,38.415072
2024-08-04T22:00:00,30.786124
2024-08-04T23:00:00,26.581173
2024-08-05T00:00:00,15.78426
2024-08-05T01:00:00,13.1774
2024-08-05T02:00:00,11.132545
2024-08-05T03:00:00,9.43793
2024-08-05T04:00:00,8.878763
2024-08-05T05:00:00,9.436808
2024-08-05T06:00:00,11.090877
2024-08-05T07:00:00,13.617259
2024-08-05T08:00:00,15.638901
2024-08-05T09:00:00,22.128594
2024-08-05T10:00:00,28.603234
2024-08-05T11:00:00,37.13258
2024-08-05T12:00:00,35.201555
2024-08-05T13:00:00,42.773251
2024-08-05T14:00:00,47.407314
2024-08-05T15:00:00,54.220063
2024-08-05T16:00:00,56.345471
2024-08-05T17:00:00,64.765062
2024-08-05T18:00:00,65.241297
2024-08-05T19:00:00,53.862869
2024-08-05T20:00:00,38.701969
2024-08-05T21:00:00,29.534223
2024-08-05T22:00:00,22.382734
2024-08-05T23:00:00,19.764857
2024-08-06T00:00:00,16.398901
2024-08-06T01:00:00,14.029996
2024-08-06T02:00:00,11.924742
2024-08-06T03:00:00,10.827569
2024-08-06T04:00:00,9.041691
2024-08-06T05:00:00,10.130811
2024-08-06T06:00:00,14.377165
2024-08-06T07:00:00,16.565394
2024-08-06T08:00:00,20.885151
2024-08-06T09:00:00,22.821343
2024-08-06T10:00:00,25.722742
2024-08-06T11:00:00,29.988415
2024-08-06T12:00:00,27.434912
2024-08-06T13:00:00,27.162283
2024-08-06T14:00:00,28.175501
2024-08-06T15:00:00,27.121906
2024-08-06T16:00:00,31.339557
2024-08-06T17:00:00,30.494584
2024-08-06T18:00:00,31.378575
2024-08-06T19:00:00,29.927653
2024-08-06T20:00:00,30.578171
2024-08-06T21:00:00,27.174529
2024-08-06T22:00:00,20.733343
2024-08-06T23:00:00,17.204159
2024-08-07T00:00:00,16.350924
2024-08-07T01:00:00,13.571225
2024-08-07T02:00:00,11.853663
2024-08-07T03:00:00,10.831827
2024-08-07T04:00:00,9.92551
2024-08-07T05:00:00,10.828073
2024-08-07T06:00:00,14.785778
2024-08-07T07:00:00,16.075705
2024-08-07T08:00:00,21.117466
2024-08-07T09:00:00,24.221327
2024-08-07T10:00:00,27.12277
2024-08-07T11:00:00,29.520012
2024-08-07T12:00:00,29.682817
2024-08-07T13:00:00,31.824038
2024-08-07T14:00:00,31.969564
2024-08-07T15:00:00,34.880087
2024-08-07T16:00:00,36.979274
2024-08-07T17:00:00,37.275021
2024-08-07T18:00:00,33.382296
2024-08-07T19:00:00,32.347762
2024-08-07T20:00:00,32.221318
2024-08-07T21:00:00,28.91183
2024-08-07T22:00:00,22.364633
2024-08-07T23:00:00,19.682587
2024-08-08T00:00:00,15.116583
2024-08-08T01:00:00,14.114941
2024-08-08T02:00:00,11.336516
2024-08-08T03:00:00,11.023202
2024-08-08T04:00:00,10.823916
2024-08-08T05:00:00,10.997095
2024-08-08T06:00:00,17.184493
2024-08-08T07:00:00,16.890696
2024-08-08T08:00:00,19.512104
2024-08-08T09:00:00,22.931395
2024-08-08T10:00:00,24.200434
2024-08-08T11:00:00,28.920175
2024-08-08T12:00:00,33.585909
2024-08-08T13:00:00,33.670282
2024-08-08T14:00:00,37.611044
2024-08-08T15:00:00,42.72386
2024-08-08T16:00:00,37.724411
2024-08-08T17:00:00,37.868214
2024-08-08T18:00:00,37.29947
2024-08-08T19:00:00,32.526473
2024-08-08T20:00:00,31.595594
2024-08-08T21:00:00,26.883087
2024-08-08T22:00:00,25.508358
2024-08-08T23:00:00,23.906205
2024-08-09T00:00:00,16.046315
2024-08-09T01:00:00,14.86089
2024-08-09T02:00:00,12.638144
2024-08-09T03:00:00,11.879588
2024-08-09T04:00:00,10.597534
2024-08-09T05:00:00,11.457374
2024-08-09T06:00:00,14.435473
2024-08-09T07:00:00,15.843988
2024-08-09T08:00:00,19.445802
2024-08-09T09:00:00,20.269225
2024-08-09T10:00:00,20.463696
2024-08-09T11:00:00,22.081125
2024-08-09T12:00:00,20.093381
2024-08-09T13:00:00,21.216445
2024-08-09T14:00:00,24.258367
2024-08-09T15:00:00,25.001676
2024-08-09T16:00:00,27.452923
2024-08-09T17:00:00,29.679194
2024-08-09T18:00:00,29.394305
2024-08-09T19:00:00,28.20212
2024-08-09T20:00:00,28.901181
2024-08-09T21:00:00,28.978949
2024-08-09T22:00:00,24.079378
2024-08-09T23:00:00,20.200804
2024-08-10T00:00:00,16.928308
2024-08-10T01:00:00,16.54431
2024-08-10T02:00:00,12.30368
2024-08-10T03:00:00,11.435373
2024-08-10T04:00:00,10.710881
2024-08-10T05:00:00,9.384815
2024-08-10T06:00:00,8.654207
2024-08-10T07:00:00,8.393267
2024-08-10T08:00:00,10.373011
2024-08-10T09:00:00,12.987612
2024-08-10T10:00:00,14.648514
2024-08-10T11:00:00,12.393685
2024-08-10T12:00:00,14.214546
2024-08-10T13:00:00,15.490511
2024-08-10T14:00:00,16.167775
2024-08-10T15:00:00,19.407246
2024-08-10T16:00:00,22.892607
2024-08-10T17:00:00,30.871936
2024-08-10T18:00:00,30.366297
2024-08-10T19:00:00,28.800252
2024-08-10T20:00:00,25.804789
2024-08-10T21:00:00,23.436424
2024-08-10T22:00:00,19.657024
2024-08-10T23:00:00,18.263664
2024-08-11T00:00:00,12.414946
2024-08-11T01:00:00,13.121071
2024-08-11T02:00:00,11.192672
2024-08-11T03:00:00,10.041577
2024-08-11T04:00:00,8.926343
2024-08-11T05:00:00,9.306836
2024-08-11T06:00:00,9.834753
2024-08-11T07:00:00,9.863892
2024-08-11T08:00:00,10.836633
2024-08-11T09:00:00,12.587657
2024-08-11T10:00:00,12.991771
2024-08-11T11:00:00,15.945928
2024-08-11T12:00:00,18.780958
2024-08-11T13:00:00,20.53691
2024-08-11T14:00:00,22.293416
2024-08-11T15:00:00,25.369796
2024-08-11T16:00:00,26.921314
2024-08-11T17:00:00,31.790699
2024-08-11T18:00:00,33.320844
2024-08-11T19:00:00,32.340318
2024-08-11T20:00:00,29.854398
2024-08-11T21:00:00,23.834092
2024-08-11T22:00:00,20.514164
2024-08-11T23:00:00,17.124952
2024-08-12T00:00:00,14.106906
2024-08-12T01:00:00,14.718066
2024-08-12T02:00:00,12.700226
2024-08-12T03:00:00,11.76931
2024-08-12T04:00:00,11.852773
2024-08-12T05:00:00,11.41599
2024-08-12T06:00:00,17.605671
2024-08-12T07:00:00,14.630588
2024-08-12T08:00:00,15.773232
2024-08-12T09:00:00,17.949617
2024-08-12T10:00:00,20.902373
2024-08-12T11:00:00,23.00314
2024-08-12T12:00:00,24.769097
2024-08-12T13:00:00,30.767932
2024-08-12T14:00:00,31.390447
2024-08-12T15:00:00,34.962885
2024-08-12T16:00:00,41.121493
2024-08-12T17:00:00,50.3873
2024-08-12T18:00:00,45.934342
2024-08-12T19:00:00,40.727395
2024-08-12T20:00:00,35.794127
2024-08-12T21:00:00,30.32126
2024-08-12T22:00:00,23.316121
2024-08-12T23:00:00,20.889014
2024-08-13T00:00:00,17.831175
2024-08-13T01:00:00,15.402611
2024-08-13T02:00:00,13.446597
2024-08-13T03:00:00,12.17413
2024-08-13T04:00:00,12.494236
2024-08-13T05:00:00,15.719547
2024-08-13T06:00:00,19.176558
2024-08-13T07:00:00,17.01425
2024-08-13T08:00:00,17.911695
2024-08-13T09:00:00,19.215363
2024-08-13T10:00:00,21.820509
2024-08-13T11:00:00,24.909379
2024-08-13T12:00:00,28.951297
2024-08-13T13:00:00,32.371264
2024-08-13T14:00:00,34.67893
2024-08-13T15:00:00,36.985356
2024-08-13T16:00:00,44.231346
2024-08-13T17:00:00,48.816936
2024-08-13T18:00:00,47.469518
2024-08-13T19:00:00,42.749858
2024-08-13T20:00:00,38.04761
2024-08-13T21:00:00,34.44757
2024-08-13T22:00:00,26.972999
2024-08-13T23:00:00,22.510518
2024-08-14T00:00:00,19.678465
2024-08-14T01:00:00,17.944755
2024-08-14T02:00:00,15.050573
2024-08-14T03:00:00,12.574201
2024-08-14T04:00:00,12.382762
2024-08-14T05:00:00,12.495498
2024-08-14T06:00:00,17.229757
2024-08-14T07:00:00,17.615557
2024-08-14T08:00:00,18.789143
2024-08-14T09:00:00,19.715169
2024-08-14T10:00:00,23.62747
2024-08-14T11:00:00,26.977343
2024-08-14T12:00:00,30.393592
2024-08-14T13:00:00,34.243624
2024-08-14T14:00:00,36.882938
2024-08-14T15:00:00,41.058994
2024-08-14T16:00:00,48.14844
2024-08-14T17:00:00,54.2694
2024-08-14T18:00:00,50.164302
2024-08-14T19:00:00,42.016183
2024-08-14T20:00:00,36.648422
2024-08-14T21:00:00,32.169169
2024-08-14T22:00:00,25.283154
2024-08-14T23:00:00,21.115184
2024-08-15T00:00:00,15.525902
2024-08-15T01:00:00,14.796563
2024-08-15T02:00:00,12.484451
2024-08-15T03:00:00,11.039075
2024-08-15T04:00:00,11.092136
2024-08-15T05:00:00,11.930958
2024-08-15T06:00:00,13.708012
2024-08-15T07:00:00,14.121732
2024-08-15T08:00:00,16.310676
2024-08-15T09:00:00,16.735504
2024-08-15T10:00:00,19.247786
2024-08-15T11:00:00,21.853064
2024-08-15T12:00:00,22.818481
2024-08-15T13:00:00,27.798701
2024-08-15T14:00:00,29.064367
2024-08-15T15:00:00,33.855279
2024-08-15T16:00:00,46.807177
2024-08-15T17:00:00,52.734831
2024-08-15T18:00:00,50.71574
2024-08-15T19:00:00,41.045309
2024-08-15T20:00:00,37.507245
2024-08-15T21:00:00,32.647274
2024-08-15T22:00:00,26.122404
2024-08-15T23:00:00,22.783447
2024-08-16T00:00:00,20.37042
2024-08-16T01:00:00,19.638235
2024-08-16T02:00:00,16.095264
2024-08-16T03:00:00,14.479483
2024-08-16T04:00:00,13.896121
2024-08-16T05:00:00,18.009694
2024-08-16T06:00:00,22.804844
2024-08-16T07:00:00,23.484108
2024-08-16T08:00:00,23.813802
2024-08-16T09:00:00,25.723511
2024-08-16T10:00:00,27.832078
2024-08-16T11:00:00,31.001307
2024-08-16T12:00:00,33.874445
2024-08-16T13:00:00,36.1852
2024-08-16T14:00:00,37.103063
2024-08-16T15:00:00,43.531706
2024-08-16T16:00:00,50.217427
2024-08-16T17:00:00,54.075461
2024-08-16T18:00:00,47.997312
2024-08-16T19:00:00,41.771039
2024-08-16T20:00:00,38.802672
2024-08-16T21:00:00,35.182783
2024-08-16T22:00:00,31.483511
2024-08-16T23:00:00,26.020189
2024-08-17T00:00:00,21.688339
2024-08-17T01:00:00,19.620659
2024-08-17T02:00:00,17.257984
2024-08-17T03:00:00,15.410987
2024-08-17T04:00:00,14.199534
2024-08-17T05:00:00,14.003135
2024-08-17T06:00:00,13.677227
2024-08-17T07:00:00,15.243548
2024-08-17T08:00:00,19.869583
2024-08-17T09:00:00,22.043694
2024-08-17T10:00:00,23.30683
2024-08-17T11:00:00,28.133758
2024-08-17T12:00:00,29.460678
2024-08-17T13:00:00,31.580893
2024-08-17T14:00:00,31.081118
2024-08-17T15:00:00,32.723766
2024-08-17T16:00:00,34.66625
2024-08-17T17:00:00,37.124452
2024-08-17T18:00:00,40.848096
2024-08-17T19:00:00,37.952342
2024-08-17T20:00:00,35.80839
2024-08-17T21:00:00,32.971691
2024-08-17T22:00:00,27.308276
2024-08-17T23:00:00,23.243071
2024-08-18T00:00:00,19.562256
2024-08-18T01:00:00,18.157577
2024-08-18T02:00:00,16.9102
2024-08-18T03:00:00,13.671067
2024-08-18T04:00:00,12.505462
2024-08-18T05:00:00,12.426485
2024-08-18T06:00:00,12.707249
2024-08-18T07:00:00,11.971559
2024-08-18T08:00:00,12.580229
2024-08-18T09:00:00,16.091026
2024-08-18T10:00:00,17.942528
2024-08-18T11:00:00,20.865356
2024-08-18T12:00:00,24.423011
2024-08-18T13:00:00,25.320039
2024-08-18T14:00:00,27.063975
2024-08-18T15:00:00,27.339076
2024-08-18T16:00:00,28.982988
2024-08-18T17:00:00,32.636502
2024-08-18T18:00:00,32.019822
2024-08-18T19:00:00,31.844864
2024-08-18T20:00:00,29.239471
2024-08-18T21:00:00,26.808439
2024-08-18T22:00:00,22.868061
2024-08-18T23:00:00,20.255726
2024-08-19T00:00:00,21.516737
2024-08-19T01:00:00,19.611609
2024-08-19T02:00:00,15.373613
2024-08-19T03:00:00,14.325108
2024-08-19T04:00:00,14.958264
2024-08-19T05:00:00,20.530162
2024-08-19T06:00:00,22.702249
2024-08-19T07:00:00,23.437644
2024-08-19T08:00:00,20.878863
2024-08-19T09:00:00,21.58868
2024-08-19T10:00:00,24.135404
2024-08-19T11:00:00,25.30878
2024-08-19T12:00:00,26.959307
2024-08-19T13:00:00,28.248834
2024-08-19T14:00:00,29.833501
2024-08-19T15:00:00,29.892448
2024-08-19T16:00:00,31.42138
2024-08-19T17:00:00,31.487785
2024-08-19T18:00:00,30.450709
2024-08-19T19:00:00,30.55405
2024-08-19T20:00:00,28.894484
2024-08-19T21:00:00,24.410256
2024-08-19T22:00:00,20.356457
2024-08-19T23:00:00,17.706546
2024-08-20T00:00:00,16.702654
2024-08-20T01:00:00,16.089338
2024-08-20T02:00:00,12.903601
2024-08-20T03:00:00,12.079738
2024-08-20T04:00:00,12.371912
2024-08-20T05:00:00,16.047839
2024-08-20T06:00:00,20.058931
2024-08-20T07:00:00,17.629766
2024-08-20T08:00:00,15.922701
2024-08-20T09:00:00,16.527786
2024-08-20T10:00:00,16.698237
2024-08-20T11:00:00,16.610631
2024-08-20T12:00:00,18.289535
2024-08-20T13:00:00,19.747807
2024-08-20T14:00:00,21.506128
2024-08-20T15:00:00,22.115984
2024-08-20T16:00:00,22.8973
2024-08-20T17:00:00,25.866488
2024-08-20T18:00:00,28.638896
2024-08-20T19:00:00,30.274318
2024-08-20T20:00:00,26.030741
2024-08-20T21:00:00,21.157798
2024-08-20T22:00:00,15.98543
2024-08-20T23:00:00,14.410709
2024-08-21T00:00:00,13.537233
2024-08-21T01:00:00,14.820126
2024-08-21T02:00:00,12.146416
2024-08-21T03:00:00,12.013771
2024-08-21T04:00:00,12.250469
2024-08-21T05:00:00,15.920733
2024-08-21T06:00:00,17.83711
2024-08-21T07:00:00,16.125888
2024-08-21T08:00:00,14.652183
2024-08-21T09:00:00,14.495668
2024-08-21T10:00:00,15.087315
2024-08-21T11:00:00,15.673632
2024-08-21T12:00:00,16.402883
2024-08-21T13:00:00,18.039486
2024-08-21T14:00:00,19.006798
2024-08-21T15:00:00,20.545249
2024-08-21T16:00:00,25.043306
2024-08-21T17:00:00,27.29526
2024-08-21T18:00:00,28.854618
2024-08-21T19:00:00,29.453204
2024-08-21T20:00:00,29.909729
2024-08-21T21:00:00,25.7732
2024-08-21T22:00:00,20.856847
2024-08-21T23:00:00,16.102544
2024-08-22T00:00:00,12.92941
2024-08-22T01:00:00,12.626386
2024-08-22T02:00:00,12.051069
2024-08-22T03:00:00,12.006121
2024-08-22T04:00:00,11.900338
2024-08-22T05:00:00,13.191202
2024-08-22T06:00:00,17.303651
2024-08-22T07:00:00,16.460391
2024-08-22T08:00:00,16.099892
2024-08-22T09:00:00,15.548975
2024-08-22T10:00:00,16.630027
2024-08-22T11:00:00,17.903467
2024-08-22T12:00:00,19.941702
2024-08-22T13:00:00,21.732804
2024-08-22T14:00:00,24.321825
2024-08-22T15:00:00,23.332709
2024-08-22T16:00:00,27.684667
2024-08-22T17:00:00,29.095014
2024-08-22T18:00:00,30.697583
2024-08-22T19:00:00,29.320337
2024-08-22T20:00:00,27.977441
2024-08-22T21:00:00,23.281052
2024-08-22T22:00:00,21.13449
2024-08-22T23:00:00,16.468965
2024-08-23T00:00:00,12.965478
2024-08-23T01:00:00,12.519646
2024-08-23T02:00:00,11.91867
2024-08-23T03:00:00,11.093725
2024-08-23T04:00:00,11.322473
2024-08-23T05:00:00,12.00213
2024-08-23T06:00:00,16.635422
2024-08-23T07:00:00,16.301992
2024-08-23T08:00:00,13.718061
2024-08-23T09:00:00,14.66535
2024-08-23T10:00:00,14.133886
2024-08-23T11:00:00,18.082388
2024-08-23T12:00:00,20.655954
2024-08-23T13:00:00,22.414643
2024-08-23T14:00:00,25.017687
2024-08-23T15:00:00,28.494232
2024-08-23T16:00:00,34.005307
2024-08-23T17:00:00,39.365517
2024-08-23T18:00:00,36.654244
2024-08-23T19:00:00,33.266683
2024-08-23T20:00:00,28.619727
2024-08-23T21:00:00,23.113929
2024-08-23T22:00:00,21.764019
2024-08-23T23:00:00,16.372585
2024-08-24T00:00:00,16.331591
2024-08-24T01:00:00,14.20905
2024-08-24T02:00:00,11.607749
2024-08-24T03:00:00,11.484939
2024-08-24T04:00:00,10.916352
2024-08-24T05:00:00,11.220735
2024-08-24T06:00:00,11.650531
2024-08-24T07:00:00,11.474278
2024-08-24T08:00:00,11.624166
2024-08-24T09:00:00,12.022008
2024-08-24T10:00:00,14.744097
2024-08-24T11:00:00,20.679664
2024-08-24T12:00:00,23.292837
2024-08-24T13:00:00,25.400187
2024-08-24T14:00:00,28.688364
2024-08-24T15:00:00,32.224287
2024-08-24T16:00:00,40.326793
2024-08-24T17:00:00,47.339754
2024-08-24T18:00:00,47.108734
2024-08-24T19:00:00,43.201502
2024-08-24T20:00:00,33.990525
2024-08-24T21:00:00,27.860861
2024-08-24T22:00:00,23.42903
2024-08-24T23:00:00,21.313404
2024-08-25T00:00:00,16.398376
2024-08-25T01:00:00,14.015689
2024-08-25T02:00:00,13.109341
2024-08-25T03:00:00,12.465687
2024-08-25T04:00:00,11.185808
2024-08-25T05:00:00,10.927352
2024-08-25T06:00:00,11.161419
2024-08-25T07:00:00,10.812052
2024-08-25T08:00:00,11.058601
2024-08-25T09:00:00,12.439795
2024-08-25T10:00:00,16.32597
2024-08-25T11:00:00,23.338775
2024-08-25T12:00:00,28.546883
2024-08-25T13:00:00,32.214832
2024-08-25T14:00:00,36.307921
2024-08-25T15:00:00,41.000519
2024-08-25T16:00:00,50.305074
2024-08-25T17:00:00,64.939294
2024-08-25T18:00:00,64.05847
2024-08-25T19:00:00,53.35083
2024-08-25T20:00:00,41.471734
2024-08-25T21:00:00,31.363001
2024-08-25T22:00:00,25.204369
2024-08-25T23:00:00,22.169901
2024-08-26T00:00:00,21.06689
2024-08-26T01:00:00,19.143603
2024-08-26T02:00:00,15.175236
2024-08-26T03:00:00,13.527823
2024-08-26T04:00:00,13.991518
2024-08-26T05:00:00,16.309161
2024-08-26T06:00:00,22.641321
2024-08-26T07:00:00,20.470114
2024-08-26T08:00:00,21.457073
2024-08-26T09:00:00,25.219646
2024-08-26T10:00:00,31.861577
2024-08-26T11:00:00,39.576994
2024-08-26T12:00:00,42.781264
2024-08-26T13:00:00,54.742459
2024-08-26T14:00:00,75.513699
2024-08-26T15:00:00,84.61874
2024-08-26T16:00:00,104.434732
2024-08-26T17:00:00,120.809157
2024-08-26T18:00:00,110.60101
2024-08-26T19:00:00,95.260472
2024-08-26T20:00:00,68.596752
2024-08-26T21:00:00,50.902127
2024-08-26T22:00:00,36.369449
2024-08-26T23:00:00,31.542716
2024-08-27T00:00:00,25.171288
2024-08-27T01:00:00,21.92922
2024-08-27T02:00:00,18.697272
2024-08-27T03:00:00,17.259728
2024-08-27T04:00:00,16.886851
2024-08-27T05:00:00,19.082185
2024-08-27T06:00:00,25.56166
2024-08-27T07:00:00,25.680806
2024-08-27T08:00:00,28.571438
2024-08-27T09:00:00,35.724206
2024-08-27T10:00:00,44.440692
2024-08-27T11:00:00,55.882972
2024-08-27T12:00:00,62.712508
2024-08-27T13:00:00,81.971257
2024-08-27T14:00:00,104.70354
2024-08-27T15:00:00,135.182804
2024-08-27T16:00:00,158.086933
2024-08-27T17:00:00,172.923124
2024-08-27T18:00:00,174.004658
2024-08-27T19:00:00,121.83549
2024-08-27T20:00:00,82.123154
2024-08-27T21:00:00,56.780838
2024-08-27T22:00:00,37.995973
2024-08-27T23:00:00,31.864884
2024-08-28T00:00:00,29.730641
2024-08-28T01:00:00,22.449584
2024-08-28T02:00:00,18.282358
2024-08-28T03:00:00,16.564678
2024-08-28T04:00:00,16.049125
2024-08-28T05:00:00,19.242051
2024-08-28T06:00:00,25.304168
2024-08-28T07:00:00,27.040132
2024-08-28T08:00:00,27.623395
2024-08-28T09:00:00,29.565578
2024-08-28T10:00:00,35.991852
2024-08-28T11:00:00,45.661669
2024-08-28T12:00:00,51.772595
2024-08-28T13:00:00,59.4945
2024-08-28T14:00:00,78.029723
2024-08-28T15:00:00,97.934647
2024-08-28T16:00:00,124.890083
2024-08-28T17:00:00,134.720388
2024-08-28T18:00:00,112.55196
2024-08-28T19:00:00,69.975984
2024-08-28T20:00:00,47.915747
2024-08-28T21:00:00,36.351018
2024-08-28T22:00:00,32.470873
2024-08-28T23:00:00,30.372655
2024-08-29T00:00:00,25.51944
2024-08-29T01:00:00,21.150145
2024-08-29T02:00:00,18.656156
2024-08-29T03:00:00,16.049205
2024-08-29T04:00:00,14.892749
2024-08-29T05:00:00,16.582104
2024-08-29T06:00:00,27.903982
2024-08-29T07:00:00,24.026583
2024-08-29T08:00:00,25.486565
2024-08-29T09:00:00,28.487325
2024-08-29T10:00:00,32.376304
2024-08-29T11:00:00,37.59958
2024-08-29T12:00:00,41.671141
2024-08-29T13:00:00,49.34338
2024-08-29T14:00:00,59.701446
2024-08-29T15:00:00,66.772702
2024-08-29T16:00:00,79.802762
2024-08-29T17:00:00,78.264655
2024-08-29T18:00:00,67.817614
2024-08-29T19:00:00,55.364834
2024-08-29T20:00:00,49.087392
2024-08-29T21:00:00,34.12389
2024-08-29T22:00:00,29.026539
2024-08-29T23:00:00,24.922659
2024-08-30T00:00:00,24.725946
2024-08-30T01:00:00,21.871503
2024-08-30T02:00:00,17.082376
2024-08-30T03:00:00,14.495029
2024-08-30T04:00:00,14.360102
2024-08-30T05:00:00,10.691801
2024-08-30T06:00:00,12.00967
2024-08-30T07:00:00,12.096217
2024-08-30T08:00:00,26.882191
2024-08-30T09:00:00,30.412838
2024-08-30T10:00:00,36.451957
2024-08-30T11:00:00,42.080205
2024-08-30T12:00:00,47.199306
2024-08-30T13:00:00,54.820153
2024-08-30T14:00:00,55.774948
2024-08-30T15:00:00,61.341181
2024-08-30T16:00:00,67.58086
2024-08-30T17:00:00,68.67149
2024-08-30T18:00:00,63.364521
2024-08-30T19:00:00,59.888486
2024-08-30T20:00:00,47.278627
2024-08-30T21:00:00,37.389717
2024-08-30T22:00:00,33.160086
2024-08-30T23:00:00,27.169166
2024-08-31T00:00:00,23.317676
2024-08-31T01:00:00,22.705743
2024-08-31T02:00:00,19.082997
2024-08-31T03:00:00,16.024235
2024-08-31T04:00:00,15.004294
2024-08-31T05:00:00,10.959776
2024-08-31T06:00:00,10.620404
2024-08-31T07:00:00,11.085149
2024-08-31T08:00:00,19.697405
2024-08-31T09:00:00,22.643452
2024-08-31T10:00:00,26.523926
2024-08-31T11:00:00,30.724127
2024-08-31T12:00:00,33.588224
2024-08-31T13:00:00,33.565715
2024-08-31T14:00:00,33.409646
2024-08-31T15:00:00,36.192803
2024-08-31T16:00:00,40.262126
2024-08-31T17:00:00,46.249299
2024-08-31T18:00:00,44.391193
2024-08-31T19:00:00,36.580767
2024-08-31T20:00:00,32.030755
2024-08-31T21:00:00,28.733255
2024-08-31T22:00:00,25.968169
2024-08-31T23:00:00,22.474978
2024-09-01T00:00:00,18.517488
2024-09-01T01:00:00,18.592197
2024-09-01T02:00:00,14.570293
2024-09-01T03:00:00,12.099694
2024-09-01T04:00:00,10.565248
2024-09-01T05:00:00,7.98923
2024-09-01T06:00:00,8.444889
2024-09-01T07:00:00,8.342633
2024-09-01T08:00:00,13.835249
2024-09-01T09:00:00,19.203024
2024-09-01T10:00:00,21.66215
2024-09-01T11:00:00,24.42315
2024-09-01T12:00:00,25.884807
2024-09-01T13:00:00,25.249748
2024-09-01T14:00:00,28.039505
2024-09-01T15:00:00,30.003364
2024-09-01T16:00:00,29.609768
2024-09-01T17:00:00,33.391895
2024-09-01T18:00:00,35.360775
2024-09-01T19:00:00,30.969421
2024-09-01T20:00:00,26.70403
2024-09-01T21:00:00,23.923079
2024-09-01T22:00:00,22.269911
2024-09-01T23:00:00,20.19816
2024-09-02T00:00:00,15.015027
2024-09-02T01:00:00,14.276061
2024-09-02T02:00:00,13.788363
2024-09-02T03:00:00,11.414573
2024-09-02T04:00:00,12.638604
2024-09-02T05:00:00,11.184596
2024-09-02T06:00:00,11.743399
2024-09-02T07:00:00,11.793175
2024-09-02T08:00:00,12.947941
2024-09-02T09:00:00,12.990709
2024-09-02T10:00:00,12.938865
2024-09-02T11:00:00,12.600208
2024-09-02T12:00:00,14.107476
2024-09-02T13:00:00,16.816668
2024-09-02T14:00:00,18.825611
2024-09-02T15:00:00,20.340722
2024-09-02T16:00:00,23.65621
2024-09-02T17:00:00,29.02677
2024-09-02T18:00:00,30.268801
2024-09-02T19:00:00,28.756153
2024-09-02T20:00:00,23.136671
2024-09-02T21:00:00,16.887996
2024-09-02T22:00:00,12.594625
2024-09-02T23:00:00,12.600901
2024-09-03T00:00:00,11.698302
2024-09-03T01:00:00,10.882694
2024-09-03T02:00:00,10.022292
2024-09-03T03:00:00,9.593737
2024-09-03T04:00:00,8.99567
2024-09-03T05:00:00,7.58653
2024-09-03T06:00:00,10.378483
2024-09-03T07:00:00,12.401482
2024-09-03T08:00:00,12.476742
2024-09-03T09:00:00,13.125425
2024-09-03T10:00:00,13.424416
2024-09-03T11:00:00,14.006915
2024-09-03T12:00:00,15.697774
2024-09-03T13:00:00,18.49959
2024-09-03T14:00:00,19.511675
2024-09-03T15:00:00,20.41961
2024-09-03T16:00:00,22.32431
2024-09-03T17:00:00,26.809889
2024-09-03T18:00:00,35.729226
2024-09-03T19:00:00,31.669872
2024-09-03T20:00:00,23.997393
2024-09-03T21:00:00,21.070356
2024-09-03T22:00:00,15.836847
2024-09-03T23:00:00,12.501452
2024-09-04T00:00:00,9.981231
2024-09-04T01:00:00,10.146261
2024-09-04T02:00:00,9.359806
2024-09-04T03:00:00,9.022726
2024-09-04T04:00:00,8.92448
2024-09-04T05:00:00,8.843664
2024-09-04T06:00:00,13.03647
2024-09-04T07:00:00,14.737622
2024-09-04T08:00:00,14.118483
2024-09-04T09:00:00,14.769346
2024-09-04T10:00:00,15.722998
2024-09-04T11:00:00,18.802715
2024-09-04T12:00:00,20.074646
2024-09-04T13:00:00,22.18287
2024-09-04T14:00:00,25.506749
2024-09-04T15:00:00,32.043225
2024-09-04T16:00:00,36.264737
2024-09-04T17:00:00,44.402906
2024-09-04T18:00:00,46.638493
2024-09-04T19:00:00,39.792799
2024-09-04T20:00:00,33.838931
2024-09-04T21:00:00,24.401157
2024-09-04T22:00:00,21.328876
2024-09-04T23:00:00,15.610647
2024-09-05T00:00:00,12.066253
2024-09-05T01:00:00,11.800011
2024-09-05T02:00:00,11.181665
2024-09-05T03:00:00,10.000529
2024-09-05T04:00:00,10.233041
2024-09-05T05:00:00,11.211231
2024-09-05T06:00:00,17.313102
2024-09-05T07:00:00,20.243459
2024-09-05T08:00:00,14.714782
2024-09-05T09:00:00,16.443015
2024-09-05T10:00:00,22.151131
2024-09-05T11:00:00,23.607487
2024-09-05T12:00:00,29.536258
2024-09-05T13:00:00,34.032455
2024-09-05T14:00:00,34.757632
2024-09-05T15:00:00,39.86238
2024-09-05T16:00:00,46.404159
2024-09-05T17:00:00,57.625096
2024-09-05T18:00:00,60.209924
2024-09-05T19:00:00,46.018838
2024-09-05T20:00:00,37.491345
2024-09-05T21:00:00,29.972776
2024-09-05T22:00:00,24.484308
2024-09-05T23:00:00,20.93801
2024-09-06T00:00:00,17.160897
2024-09-06T01:00:00,17.338243
2024-09-06T02:00:00,15.328466
2024-09-06T03:00:00,14.652063
2024-09-06T04:00:00,14.815273
2024-09-06T05:00:00,17.020766
2024-09-06T06:00:00,21.617802
2024-09-06T07:00:00,23.974184
2024-09-06T08:00:00,20.827261
2024-09-06T09:00:00,22.863395
2024-09-06T10:00:00,25.89211
2024-09-06T11:00:00,25.908746
2024-09-06T12:00:00,26.165717
2024-09-06T13:00:00,26.527395
2024-09-06T14:00:00,26.125372
2024-09-06T15:00:00,22.154652
2024-09-06T16:00:00,25.163292
2024-09-06T17:00:00,26.791738
2024-09-06T18:00:00,24.53035
2024-09-06T19:00:00,22.087084
2024-09-06T20:00:00,21.927434
2024-09-06T21:00:00,22.601942
2024-09-06T22:00:00,22.332358
2024-09-06T23:00:00,18.730497
2024-09-07T00:00:00,18.299719
2024-09-07T01:00:00,17.772862
2024-09-07T02:00:00,15.791202
2024-09-07T03:00:00,14.174194
2024-09-07T04:00:00,15.662636
2024-09-07T05:00:00,15.953994
2024-09-07T06:00:00,15.766113
2024-09-07T07:00:00,14.823972
2024-09-07T08:00:00,17.541238
2024-09-07T09:00:00,19.744455
2024-09-07T10:00:00,18.029853
2024-09-07T11:00:00,16.442473
2024-09-07T12:00:00,16.439851
2024-09-07T13:00:00,17.938497
2024-09-07T14:00:00,16.922925
2024-09-07T15:00:00,17.418356
2024-09-07T16:00:00,17.625638
2024-09-07T17:00:00,19.695739
2024-09-07T18:00:00,20.576529
2024-09-07T19:00:00,23.127463
2024-09-07T20:00:00,20.967593
2024-09-07T21:00:00,20.132072
2024-09-07T22:00:00,17.038408
2024-09-07T23:00:00,14.285729
2024-09-08T00:00:00,12.366242
2024-09-08T01:00:00,11.060191
2024-09-08T02:00:00,10.516009
2024-09-08T03:00:00,10.261523
2024-09-08T04:00:00,10.230272
2024-09-08T05:00:00,10.250362
2024-09-08T06:00:00,10.288293
2024-09-08T07:00:00,10.587238
2024-09-08T08:00:00,10.644651
2024-09-08T09:00:00,10.65096
2024-09-08T10:00:00,11.097981
2024-09-08T11:00:00,10.751602
2024-09-08T12:00:00,11.356535
2024-09-08T13:00:00,11.678025
2024-09-08T14:00:00,11.661803
2024-09-08T15:00:00,11.958518
2024-09-08T16:00:00,12.902899
2024-09-08T17:00:00,16.624456
2024-09-08T18:00:00,24.372578
2024-09-08T19:00:00,30.149808
2024-09-08T20:00:00,25.113557
2024-09-08T21:00:00,18.353779
2024-09-08T22:00:00,13.762653
2024-09-08T23:00:00,12.733935
2024-09-09T00:00:00,11.990978
2024-09-09T01:00:00,11.308616
2024-09-09T02:00:00,9.512328
2024-09-09T03:00:00,8.729539
2024-09-09T04:00:00,9.758583
2024-09-09T05:00:00,11.104471
2024-09-09T06:00:00,22.378007
2024-09-09T07:00:00,19.115966
2024-09-09T08:00:00,15.479537
2024-09-09T09:00:00,15.687047
2024-09-09T10:00:00,17.714888
2024-09-09T11:00:00,18.913449
2024-09-09T12:00:00,20.750194
2024-09-09T13:00:00,21.855362
2024-09-09T14:00:00,22.080484
2024-09-09T15:00:00,24.529706
2024-09-09T16:00:00,27.966395
2024-09-09T17:00:00,40.108721
2024-09-09T18:00:00,43.042156
2024-09-09T19:00:00,46.565472
2024-09-09T20:00:00,38.752389
2024-09-09T21:00:00,29.046269
2024-09-09T22:00:00,24.527973
2024-09-09T23:00:00,22.039665
2024-09-10T00:00:00,16.798877
2024-09-10T01:00:00,14.970284
2024-09-10T02:00:00,12.35862
2024-09-10T03:00:00,11.786139
2024-09-10T04:00:00,11.712219
2024-09-10T05:00:00,16.600556
2024-09-10T06:00:00,25.916889
2024-09-10T07:00:00,26.294944
2024-09-10T08:00:00,18.388292
2024-09-10T09:00:00,17.802361
2024-09-10T10:00:00,18.611696
2024-09-10T11:00:00,20.673819
2024-09-10T12:00:00,22.015974
2024-09-10T13:00:00,25.493976
2024-09-10T14:00:00,27.470781
2024-09-10T15:00:00,31.289917
2024-09-10T16:00:00,40.128347
2024-09-10T17:00:00,49.936865
2024-09-10T18:00:00,61.163587
2024-09-10T19:00:00,49.346331
2024-09-10T20:00:00,40.488757
2024-09-10T21:00:00,30.539995
2024-09-10T22:00:00,24.008389
2024-09-10T23:00:00,20.173612
2024-09-11T00:00:00,17.927724
2024-09-11T01:00:00,16.123264
2024-09-11T02:00:00,14.412338
2024-09-11T03:00:00,11.263611
2024-09-11T04:00:00,11.002116
2024-09-11T05:00:00,11.229883
2024-09-11T06:00:00,10.920473
2024-09-11T07:00:00,21.697434
2024-09-11T08:00:00,20.267362
2024-09-11T09:00:00,18.91843
2024-09-11T10:00:00,22.614015
2024-09-11T11:00:00,23.832913
2024-09-11T12:00:00,28.306294
2024-09-11T13:00:00,32.525164
2024-09-11T14:00:00,35.295324
2024-09-11T15:00:00,41.267515
2024-09-11T16:00:00,52.158457
2024-09-11T17:00:00,65.744524
2024-09-11T18:00:00,66.682572
2024-09-11T19:00:00,51.056588
2024-09-11T20:00:00,39.805833
2024-09-11T21:00:00,31.059344
2024-09-11T22:00:00,27.269214
2024-09-11T23:00:00,22.453051
2024-09-12T00:00:00,17.316861
2024-09-12T01:00:00,16.657751
2024-09-12T02:00:00,13.331081
2024-09-12T03:00:00,12.65406
2024-09-12T04:00:00,12.762435
2024-09-12T05:00:00,15.576758
2024-09-12T06:00:00,22.413287
2024-09-12T07:00:00,20.934943
2024-09-12T08:00:00,21.536204
2024-09-12T09:00:00,21.424614
2024-09-12T10:00:00,24.442397
2024-09-12T11:00:00,27.847352
2024-09-12T12:00:00,32.285279
2024-09-12T13:00:00,34.817037
2024-09-12T14:00:00,37.298358
2024-09-12T15:00:00,42.396366
2024-09-12T16:00:00,52.852546
2024-09-12T17:00:00,65.114803
2024-09-12T18:00:00,59.758442
2024-09-12T19:00:00,47.930647
2024-09-12T20:00:00,37.598346
2024-09-12T21:00:00,31.571944
2024-09-12T22:00:00,26.337086
2024-09-12T23:00:00,22.763072
2024-09-13T00:00:00,16.371346
2024-09-13T01:00:00,14.017344
2024-09-13T02:00:00,11.639756
2024-09-13T03:00:00,10.345549
2024-09-13T04:00:00,9.900161
2024-09-13T05:00:00,11.467228
2024-09-13T06:00:00,18.645498
2024-09-13T07:00:00,18.565878
2024-09-13T08:00:00,22.941624
2024-09-13T09:00:00,23.80135
2024-09-13T10:00:00,25.858844
2024-09-13T11:00:00,27.789204
2024-09-13T12:00:00,30.22918
2024-09-13T13:00:00,32.31834
2024-09-13T14:00:00,32.658578
2024-09-13T15:00:00,35.795461
2024-09-13T16:00:00,42.88598
2024-09-13T17:00:00,52.380511
2024-09-13T18:00:00,43.761859
2024-09-13T19:00:00,37.39921
2024-09-13T20:00:00,31.570333
2024-09-13T21:00:00,26.491802
2024-09-13T22:00:00,23.369533
2024-09-13T23:00:00,21.797906
2024-09-14T00:00:00,22.071279
2024-09-14T01:00:00,21.033166
2024-09-14T02:00:00,16.189239
2024-09-14T03:00:00,14.355675
2024-09-14T04:00:00,13.800604
2024-09-14T05:00:00,15.702654
2024-09-14T06:00:00,17.135006
2024-09-14T07:00:00,15.858656
2024-09-14T08:00:00,18.299558
2024-09-14T09:00:00,20.82918
2024-09-14T10:00:00,22.606272
2024-09-14T11:00:00,25.243491
2024-09-14T12:00:00,29.535655
2024-09-14T13:00:00,31.084803
2024-09-14T14:00:00,32.921147
2024-09-14T15:00:00,36.759117
2024-09-14T16:00:00,40.602688
2024-09-14T17:00:00,49.683564
2024-09-14T18:00:00,55.915459
2024-09-14T19:00:00,44.588998
2024-09-14T20:00:00,35.888101
2024-09-14T21:00:00,30.348369
2024-09-14T22:00:00,25.321147
2024-09-14T23:00:00,22.892427
2024-09-15T00:00:00,19.279436
2024-09-15T01:00:00,14.75351
2024-09-15T02:00:00,12.857009
2024-09-15T03:00:00,11.409332
2024-09-15T04:00:00,11.063312
2024-09-15T05:00:00,11.483242
2024-09-15T06:00:00,11.732217
2024-09-15T07:00:00,11.139042
2024-09-15T08:00:00,14.671599
2024-09-15T09:00:00,18.162612
2024-09-15T10:00:00,20.163014
2024-09-15T11:00:00,23.738751
2024-09-15T12:00:00,28.169081
2024-09-15T13:00:00,34.23193
2024-09-15T14:00:00,35.463116
2024-09-15T15:00:00,41.137361
2024-09-15T16:00:00,53.403049
2024-09-15T17:00:00,69.451009
2024-09-15T18:00:00,67.655274
2024-09-15T19:00:00,56.365989
2024-09-15T20:00:00,42.911433
2024-09-15T21:00:00,32.325985
2024-09-15T22:00:00,26.827222
2024-09-15T23:00:00,23.708703
2024-09-16T00:00:00,19.473868
2024-09-16T01:00:00,16.904705
2024-09-16T02:00:00,14.217696
2024-09-16T03:00:00,12.410569
2024-09-16T04:00:00,12.51056
2024-09-16T05:00:00,15.537783
2024-09-16T06:00:00,24.09701
2024-09-16T07:00:00,27.626389
2024-09-16T08:00:00,26.45937
2024-09-16T09:00:00,29.53799
2024-09-16T10:00:00,35.963435
2024-09-16T11:00:00,36.53349
2024-09-16T12:00:00,39.64977
2024-09-16T13:00:00,46.897795
2024-09-16T14:00:00,52.260604
2024-09-16T15:00:00,60.537417
2024-09-16T16:00:00,74.480187
2024-09-16T17:00:00,85.276327
2024-09-16T18:00:00,69.633156
2024-09-16T19:00:00,57.663785
2024-09-16T20:00:00,44.98617
2024-09-16T21:00:00,36.732559
2024-09-16T22:00:00,29.528196
2024-09-16T23:00:00,25.02383
2024-09-17T00:00:00,17.626384
2024-09-17T01:00:00,16.533738
2024-09-17T02:00:00,14.325633
2024-09-17T03:00:00,13.843016
2024-09-17T04:00:00,13.850943
2024-09-17T05:00:00,16.257253
2024-09-17T06:00:00,19.174467
2024-09-17T07:00:00,25.352269
2024-09-17T08:00:00,28.86029
2024-09-17T09:00:00,30.251801
2024-09-17T10:00:00,31.098667
2024-09-17T11:00:00,33.9229
2024-09-17T12:00:00,33.29029
2024-09-17T13:00:00,39.623447
2024-09-17T14:00:00,42.293115
2024-09-17T15:00:00,47.348784
2024-09-17T16:00:00,53.737084
2024-09-17T17:00:00,58.991619
2024-09-17T18:00:00,52.706573
2024-09-17T19:00:00,46.673006
2024-09-17T20:00:00,38.506499
2024-09-17T21:00:00,33.853943
2024-09-17T22:00:00,27.750203
2024-09-17T23:00:00,25.029093
2024-09-18T00:00:00,16.994684
2024-09-18T01:00:00,16.37733
2024-09-18T02:00:00,13.803044
2024-09-18T03:00:00,13.308711
2024-09-18T04:00:00,13.320865
2024-09-18T05:00:00,15.169707
2024-09-18T06:00:00,18.933449
2024-09-18T07:00:00,24.853471
2024-09-18T08:00:00,28.911531
2024-09-18T09:00:00,30.545802
2024-09-18T10:00:00,32.170844
2024-09-18T11:00:00,34.21408
2024-09-18T12:00:00,38.850183
2024-09-18T13:00:00,44.367218
2024-09-18T14:00:00,46.349826
2024-09-18T15:00:00,50.589932
2024-09-18T16:00:00,57.674536
2024-09-18T17:00:00,67.151989
2024-09-18T18:00:00,62.990722
2024-09-18T19:00:00,56.49022
2024-09-18T20:00:00,47.127516
2024-09-18T21:00:00,42.578672
2024-09-18T22:00:00,33.857323
2024-09-18T23:00:00,26.410116
2024-09-19T00:00:00,19.071422
2024-09-19T01:00:00,18.089659
2024-09-19T02:00:00,15.802717
2024-09-19T03:00:00,14.907928
2024-09-19T04:00:00,14.302251
2024-09-19T05:00:00,13.652329
2024-09-19T06:00:00,16.552347
2024-09-19T07:00:00,26.145441
2024-09-19T08:00:00,27.83604
2024-09-19T09:00:00,29.41195
2024-09-19T10:00:00,30.64109
2024-09-19T11:00:00,36.495024
2024-09-19T12:00:00,41.970584
2024-09-19T13:00:00,46.960151
2024-09-19T14:00:00,59.064603
2024-09-19T15:00:00,67.162575
2024-09-19T16:00:00,84.892504
2024-09-19T17:00:00,88.659378
2024-09-19T18:00:00,81.252966
2024-09-19T19:00:00,63.974895
2024-09-19T20:00:00,49.438439
2024-09-19T21:00:00,40.785559
2024-09-19T22:00:00,32.350549
2024-09-19T23:00:00,26.640585
2024-09-20T00:00:00,19.761639
2024-09-20T01:00:00,17.914773
2024-09-20T02:00:00,15.44071
2024-09-20T03:00:00,13.888358
2024-09-20T04:00:00,14.029253
2024-09-20T05:00:00,17.12402
2024-09-20T06:00:00,21.545201
2024-09-20T07:00:00,24.736732
2024-09-20T08:00:00,22.295675
2024-09-20T09:00:00,23.545592
2024-09-20T10:00:00,27.287048
2024-09-20T11:00:00,34.561711
2024-09-20T12:00:00,38.97088
2024-09-20T13:00:00,48.866427
2024-09-20T14:00:00,59.402124
2024-09-20T15:00:00,66.649384
2024-09-20T16:00:00,78.094945
2024-09-20T17:00:00,88.410853
2024-09-20T18:00:00,79.413204
2024-09-20T19:00:00,61.836574
2024-09-20T20:00:00,45.684838
2024-09-20T21:00:00,39.030238
2024-09-20T22:00:00,32.045597
2024-09-20T23:00:00,27.367618
2024-09-21T00:00:00,28.868242
2024-09-21T01:00:00,24.909923
2024-09-21T02:00:00,20.035756
2024-09-21T03:00:00,15.76899
2024-09-21T04:00:00,13.993831
2024-09-21T05:00:00,13.0904
2024-09-21T06:00:00,13.22611
2024-09-21T07:00:00,15.774972
2024-09-21T08:00:00,19.38081
2024-09-21T09:00:00,22.419956
2024-09-21T10:00:00,28.946962
2024-09-21T11:00:00,33.952284
2024-09-21T12:00:00,38.689906
2024-09-21T13:00:00,42.925692
2024-09-21T14:00:00,46.481715
2024-09-21T15:00:00,56.117548
2024-09-21T16:00:00,65.518831
2024-09-21T17:00:00,77.945057
2024-09-21T18:00:00,73.873399
2024-09-21T19:00:00,55.796124
2024-09-21T20:00:00,42.079752
2024-09-21T21:00:00,40.457875
2024-09-21T22:00:00,33.807429
2024-09-21T23:00:00,30.6165
2024-09-22T00:00:00,22.57659
2024-09-22T01:00:00,18.373521
2024-09-22T02:00:00,16.717571
2024-09-22T03:00:00,14.188886
2024-09-22T04:00:00,12.081515
2024-09-22T05:00:00,12.604974
2024-09-22T06:00:00,13.841548
2024-09-22T07:00:00,13.593491
2024-09-22T08:00:00,13.212023
2024-09-22T09:00:00,14.933366
2024-09-22T10:00:00,17.010364
2024-09-22T11:00:00,23.289475
2024-09-22T12:00:00,26.421691
2024-09-22T13:00:00,29.007778
2024-09-22T14:00:00,32.333454
2024-09-22T15:00:00,34.602694
2024-09-22T16:00:00,40.663131
2024-09-22T17:00:00,53.122652
2024-09-22T18:00:00,47.939843
2024-09-22T19:00:00,39.984546
2024-09-22T20:00:00,35.002705
2024-09-22T21:00:00,29.293143
2024-09-22T22:00:00,24.043943
2024-09-22T23:00:00,20.186911
2024-09-23T00:00:00,17.304193
2024-09-23T01:00:00,15.953261
2024-09-23T02:00:00,13.967907
2024-09-23T03:00:00,13.238012
2024-09-23T04:00:00,16.268292
2024-09-23T05:00:00,19.086065
2024-09-23T06:00:00,23.461085
2024-09-23T07:00:00,32.343794
2024-09-23T08:00:00,30.729818
2024-09-23T09:00:00,29.749003
2024-09-23T10:00:00,30.754531
2024-09-23T11:00:00,32.679271
2024-09-23T12:00:00,35.212523
2024-09-23T13:00:00,36.970826
2024-09-23T14:00:00,38.336268
2024-09-23T15:00:00,39.070299
2024-09-23T16:00:00,43.197593
2024-09-23T17:00:00,49.812629
2024-09-23T18:00:00,47.64418
2024-09-23T19:00:00,50.733537
2024-09-23T20:00:00,38.273384
2024-09-23T21:00:00,34.620699
2024-09-23T22:00:00,30.783078
2024-09-23T23:00:00,20.298037
2024-09-24T00:00:00,23.585106
2024-09-24T01:00:00,22.884495
2024-09-24T02:00:00,17.665969
2024-09-24T03:00:00,16.875296
2024-09-24T04:00:00,17.38479
2024-09-24T05:00:00,22.157265
2024-09-24T06:00:00,27.594804
2024-09-24T07:00:00,36.306192
2024-09-24T08:00:00,37.028885
2024-09-24T09:00:00,38.139278
2024-09-24T10:00:00,37.292843
2024-09-24T11:00:00,38.384025
2024-09-24T12:00:00,37.722695
2024-09-24T13:00:00,39.814702
2024-09-24T14:00:00,36.478103
2024-09-24T15:00:00,35.071769
2024-09-24T16:00:00,35.353545
2024-09-24T17:00:00,39.741536
2024-09-24T18:00:00,45.067371
2024-09-24T19:00:00,53.774616
2024-09-24T20:00:00,44.772401
2024-09-24T21:00:00,35.687296
2024-09-24T22:00:00,31.344275
2024-09-24T23:00:00,25.977932
2024-09-25T00:00:00,23.188401
2024-09-25T01:00:00,20.40754
2024-09-25T02:00:00,18.145459
2024-09-25T03:00:00,17.79583
2024-09-25T04:00:00,18.119658
2024-09-25T05:00:00,23.564657
2024-09-25T06:00:00,29.448016
2024-09-25T07:00:00,36.853576
2024-09-25T08:00:00,34.210385
2024-09-25T09:00:00,35.634019
2024-09-25T10:00:00,35.853877
2024-09-25T11:00:00,33.422486
2024-09-25T12:00:00,34.164029
2024-09-25T13:00:00,35.4927
2024-09-25T14:00:00,35.904654
2024-09-25T15:00:00,36.264249
2024-09-25T16:00:00,38.559781
2024-09-25T17:00:00,44.282798
2024-09-25T18:00:00,47.946735
2024-09-25T19:00:00,60.954973
2024-09-25T20:00:00,46.491503
2024-09-25T21:00:00,38.856698
2024-09-25T22:00:00,32.671851
2024-09-25T23:00:00,29.624994
2024-09-26T00:00:00,21.980901
2024-09-26T01:00:00,20.902985
2024-09-26T02:00:00,17.751902
2024-09-26T03:00:00,16.860591
2024-09-26T04:00:00,17.279783
2024-09-26T05:00:00,21.268987
2024-09-26T06:00:00,30.670046
2024-09-26T07:00:00,32.098932
2024-09-26T08:00:00,29.966532
2024-09-26T09:00:00,31.965241
2024-09-26T10:00:00,29.786442
2024-09-26T11:00:00,32.142794
2024-09-26T12:00:00,34.597489
2024-09-26T13:00:00,35.271304
2024-09-26T14:00:00,36.532851
2024-09-26T15:00:00,35.645565
2024-09-26T16:00:00,40.85915
2024-09-26T17:00:00,43.110589
2024-09-26T18:00:00,40.928734
2024-09-26T19:00:00,44.39754
2024-09-26T20:00:00,32.535912
2024-09-26T21:00:00,25.529517
2024-09-26T22:00:00,23.129295
2024-09-26T23:00:00,20.834609
2024-09-27T00:00:00,16.320037
2024-09-27T01:00:00,16.923622
2024-09-27T02:00:00,13.768507
2024-09-27T03:00:00,13.410102
2024-09-27T04:00:00,12.654364
2024-09-27T05:00:00,13.697504
2024-09-27T06:00:00,15.253962
2024-09-27T07:00:00,18.239262
2024-09-27T08:00:00,19.321412
2024-09-27T09:00:00,20.120175
2024-09-27T10:00:00,18.184514
2024-09-27T11:00:00,17.627116
2024-09-27T12:00:00,17.734693
2024-09-27T13:00:00,19.074426
2024-09-27T14:00:00,18.064785
2024-09-27T15:00:00,17.273683
2024-09-27T16:00:00,18.298003
2024-09-27T17:00:00,19.479495
2024-09-27T18:00:00,20.889202
2024-09-27T19:00:00,25.990476
2024-09-27T20:00:00,21.005866
2024-09-27T21:00:00,18.4461
2024-09-27T22:00:00,17.598436
2024-09-27T23:00:00,17.13039
2024-09-28T00:00:00,10.96584
2024-09-28T01:00:00,13.990233
2024-09-28T02:00:00,10.184236
2024-09-28T03:00:00,8.628463
2024-09-28T04:00:00,9.882236
2024-09-28T05:00:00,11.493788
2024-09-28T06:00:00,14.11817
2024-09-28T07:00:00,15.374061
2024-09-28T08:00:00,14.098426
2024-09-28T09:00:00,12.982851
2024-09-28T10:00:00,16.028228
2024-09-28T11:00:00,16.301018
2024-09-28T12:00:00,16.639344
2024-09-28T13:00:00,18.490124
2024-09-28T14:00:00,17.783949
2024-09-28T15:00:00,18.408023
2024-09-28T16:00:00,20.533677
2024-09-28T17:00:00,27.362548
2024-09-28T18:00:00,26.293158
2024-09-28T19:00:00,28.565757
2024-09-28T20:00:00,24.590854
2024-09-28T21:00:00,23.946649
2024-09-28T22:00:00,22.871784
2024-09-28T23:00:00,21.257671
2024-09-29T00:00:00,18.443199
2024-09-29T01:00:00,19.925307
2024-09-29T02:00:00,18.516386
2024-09-29T03:00:00,17.256377
2024-09-29T04:00:00,16.332522
2024-09-29T05:00:00,15.604706
2024-09-29T06:00:00,16.52539
2024-09-29T07:00:00,17.941627
2024-09-29T08:00:00,18.528327
2024-09-29T09:00:00,18.256857
2024-09-29T10:00:00,17.76183
2024-09-29T11:00:00,19.501965
2024-09-29T12:00:00,20.419708
2024-09-29T13:00:00,20.610702
2024-09-29T14:00:00,20.899197
2024-09-29T15:00:00,22.084726
2024-09-29T16:00:00,25.049642
2024-09-29T17:00:00,34.821224
2024-09-29T18:00:00,35.916305
2024-09-29T19:00:00,43.469904
2024-09-29T20:00:00,33.537106
2024-09-29T21:00:00,28.018411
2024-09-29T22:00:00,25.967546
2024-09-29T23:00:00,21.33439
2024-09-30T00:00:00,20.000089
2024-09-30T01:00:00,17.904271
2024-09-30T02:00:00,15.26142
2024-09-30T03:00:00,15.406017
2024-09-30T04:00:00,19.321875
2024-09-30T05:00:00,26.540867
2024-09-30T06:00:00,35.313426
2024-09-30T07:00:00,40.047176
2024-09-30T08:00:00,35.408095
2024-09-30T09:00:00,36.200406
2024-09-30T10:00:00,33.190298
2024-09-30T11:00:00,34.288229
2024-09-30T12:00:00,34.235354
2024-09-30T13:00:00,36.980088
2024-09-30T14:00:00,38.407588
2024-09-30T15:00:00,41.093734
2024-09-30T16:00:00,45.07896
2024-09-30T17:00:00,50.290058
2024-09-30T18:00:00,52.95385
2024-09-30T19:00:00,63.158181
2024-09-30T20:00:00,44.039644
2024-09-30T21:00:00,42.068035
2024-09-30T22:00:00,33.027931
2024-09-30T23:00:00,25.677297
